37.6343549	127.0585005	2	
37.5142591	127.0997330	7	
37.5793852	127.0432358	6	
36.3243360	127.4191391	2	
36.3252646	127.4202790	1	
36.3249208	127.4194408	3	
36.3252148	127.4198965	4	
36.3194049	127.4489193	1	
36.3197024	127.4482928	2	
36.3200126	127.4485169	3	
36.3197113	127.4491260	4	
36.3171273	127.4583611	3	
36.3172315	127.4589885	4	
36.3167557	127.4584831	2	
36.3168361	127.4592376	1	
36.3922165	127.3149000	6	
36.3923881	127.3141303	4	
36.3924901	127.3147505	5	
37.5544087	127.3100886	2	
35.8511357	128.5904694	4	
35.8507926	128.5904607	1	
35.8511650	128.5907395	3	
35.8508571	128.5907465	2	
37.5699147	126.9823785	6	
37.5697980	126.9825908	5	
37.5643754	127.0078097	4	
37.8185746	127.0567683	2	
35.2811515	129.0170538	1	
35.2663879	129.0167957	3	
35.2661795	129.0162673	2	
35.2665385	129.0164704	4	
35.2660457	129.0166061	1	
35.2682616	129.0174237	5	
35.1718197	128.9487658	2	
35.2097044	129.0052606	1	
35.2104099	129.0056739	6	
35.2103339	129.0066096	9	
35.2101967	129.0049254	5	
35.2115869	129.0046064	7	
35.2105152	129.0053732	8	
35.2098689	129.0055637	2	
35.2100682	129.0057005	4	
35.2116481	129.0048827	10	
35.2098731	129.0049765	3	
35.2105398	129.0064608	12	
35.2231396	129.0089408	1	
35.2236466	129.0089435	3	
35.2234976	129.0094464	4	
35.2227141	129.0091330	2	
35.2385499	129.0881779	4	
35.2375841	129.0881195	1	
35.2376279	129.0883260	2	
35.2059875	129.0783563	3	
35.2196860	129.0861910	2	
35.2051021	129.0786406	2	
35.2050932	129.0783697	1	
35.2197624	129.0859784	1	
35.2059919	129.0786245	4	
35.2292268	129.0895096	2	
35.2303258	129.0893828	4	
35.2465598	129.0911062	1	
35.2303225	129.0891610	3	
35.2292444	129.0892681	1	
35.2208253	129.0868294	4	
35.2208911	129.0866148	3	
35.2130457	129.0799044	3	
35.2479549	129.0911980	3	
35.2121329	129.0795132	2	
35.2129672	129.0800727	4	
35.2122043	129.0793439	1	
35.2119243	129.0791525	5	
35.2385568	129.0879720	3	
35.2210072	129.0866792	5	
35.2465546	129.0913073	2	
35.2479471	129.0914204	4	
37.5824919	126.9504791	1	
37.5821669	126.9506480	2	
37.5820904	126.9503581	3	
37.5824007	126.9502078	4	
37.4849500	127.0334789	2	
37.4909151	127.0548783	1	
37.4912867	127.0557518	2	
37.4905510	127.0551199	4	
37.4841630	127.0339735	11	
37.4842698	127.0335599	12	
37.4847163	127.0333223	1	
37.4849787	127.0341766	3	
37.4848174	127.0345079	4	
37.4844476	127.0349493	5	
37.4840290	127.0348289	6	
37.4986340	127.0270249	10	
37.4987305	127.0274066	11	
37.4980500	127.0286275	1	
37.4971929	127.0281134	2	
37.4979952	127.0268964	9	
37.4965064	127.0533718	1	
37.4966628	127.0538558	2	
37.4966006	127.0539037	3	
37.4964397	127.0534114	4	
37.4960422	127.0526436	5	
37.4958292	127.0521489	6	
37.4961274	127.0518943	7	
37.4963270	127.0524811	8	
37.5557862	127.0432752	4	
37.5556416	127.0432940	4	
37.5558418	127.0438928	2	
37.5568265	127.0432722	1	
37.5661130	126.7425924	1	
37.5345476	126.9867760	3	
37.5346886	126.9861314	4	
37.5352731	126.9863819	1	
37.5356542	126.9866669	2	
37.5343898	126.9936964	4	
37.5344094	126.9941080	3	
37.5344990	126.9936553	1	
37.5345257	126.9941280	2	
37.5333335	126.9721181	3	
37.5335801	126.9718741	4	
37.5342091	126.9730498	2	
37.5344585	126.9726643	5	
37.5345940	126.9733951	1	
37.5348671	126.9730766	6	
37.5354653	126.9734293	7	
37.5353223	126.9748829	엘리베이터	삼각지(엘리베이터)
37.5353948	126.9748371	12	
37.5358665	126.9746839	11	
37.5361206	126.9737268	9	
37.5363668	126.9739036	10	
37.4940575	127.0155699	1	
37.4348357	126.6968371	2	
37.4354631	126.6974196	1	
37.5623164	127.0507239		
37.5318147	126.8465416	3	
37.5319245	126.8468599	2	
37.5324106	126.8461747	4	
37.5324893	126.8464416	1	
37.2462068	127.0568189	5	
37.2462132	127.0571193	6	
37.2460108	127.0576262	7	
37.2459819	127.0562611	4	
37.2454123	127.0563297	3	
37.2454461	127.0569850	2	
37.2455000	127.0587152	1	
37.2460520	127.0591916	8	
37.5064571	126.7531151	6	
37.5064486	126.7534312	7	
37.5061079	126.7525674	5	
37.5053082	126.7528636	3	
37.5052933	126.7532632	2	
37.5056018	126.7537085	1	
37.5060790	126.7537926	8	
37.7511695	126.7658404	2	
37.5055781	126.7526121	4	
37.5049584	126.7634771	4	
37.5048212	126.7645970	5	
37.5043318	126.7644950	1	
37.5046740	126.7618211	3	
37.5044395	126.7636421	2	
37.2858132	127.1119782	2	
37.5559420	126.9101031	2	
37.5559990	126.9102593	1	
37.5497901	126.9133750	9	
37.5487711	126.9136240	7	
37.5498936	126.9139171	10	
37.5494932	126.9141720	5	
37.5490428	126.9139953	6	
37.5494092	126.9129173	8	
37.5434208	126.9508707	8	
37.5480479	126.9413595	4	
37.4828975	126.9408021	4	
37.4984172	127.0285441	12	
37.4970955	127.0277165	7	
37.4975453	127.0270696	8	
37.5510084	126.9156807	2	
37.5507869	126.9159120	3	
37.5502054	126.9151530	4	
37.5505454	126.9149721	1	
37.5058063	127.0043201	8	
37.5062304	127.0045475	8-2	
37.5039136	127.0055463	2	
37.5038503	127.0053468	7	
37.5034175	127.0055123	3	
37.5027748	127.0034447	4	
37.5025322	127.0028201	5	
37.5059936	127.0055038	1	
37.5060148	127.0038235	8-1	
37.5026713	127.0027111	6	
37.5431096	126.7289661	1	
37.5431947	126.7269545	3	
37.5434097	126.7289782	6	
37.5434463	126.7281317	5	
37.5434975	126.7269839	4	
37.5446587	126.7385839	2	
37.5448804	126.7383607	3	
37.5450843	126.7389326	1	
37.5454082	126.7387926	4	
37.5713082	126.7363621	1	
37.5512235	126.8650643	2	
37.4797063	126.8820529	7	
37.4805629	126.8816696	9	
37.4802682	126.8836502	6	
37.4811040	126.8832955	4	
37.4808524	126.8838096	5	
37.4816781	126.8828370	2	
37.4053343	126.6810978	1	
37.5356469	126.9733882	8	
37.4044386	126.6801724	3	
37.4046811	126.6797789	4	
37.4056335	126.6806908	6	
37.4051907	126.6802885	5	
37.3934000	126.6349459	4	
37.3856214	126.6387757	2	
37.3934450	126.6334807	2	
37.3882844	126.6623664	1	
37.3873391	126.6629248	2	
37.3884948	126.6620467	4	
37.3879152	126.6614539	3	
37.2620192	127.0312976	7	
37.2624334	127.0297259	6	
37.2616094	127.0311582	4	
37.2610757	127.0313996	3	
37.2612857	127.0323427	1	
37.2616521	127.0327621	10	
37.2623223	127.0322596	9	
37.2624433	127.0319569	8	
37.2609695	127.0317903	2	
37.3824536	126.6567495	1	
37.5595146	126.9796431	7	
37.3659366	127.1077875	3	
37.3663960	127.1077861	4	
37.5676253	126.8159121	1	
37.5674573	126.8159148	8	
37.5436202	126.9526066	6	
37.4816822	126.9973454	3	
37.4811580	126.9976492	2	
37.4812042	126.9979338	1	
37.4817124	126.9977329	4	
37.5398067	126.9466327	3	
37.5392637	126.9457807	4	
37.5274728	126.9180224	4	
37.5288087	126.9163213	6	
37.5724796	126.9917508	8	
37.5726234	126.9917312	7	
37.5724985	126.9912018	3	
37.5726198	126.9911058	6	
37.5278498	126.9186104	3	
37.5286588	126.9178402	2	
37.5282738	126.9172199	5	
37.5125948	126.8659383	1	
37.5603972	126.9653686	3	
37.5602504	126.9655286	4	
37.5550490	126.9717005	1	
37.5549468	126.9727697	9-1	
37.5047215	127.0246287	3	
37.5634922	126.8011290	2	
37.5625739	126.8018222	3	
37.5615202	126.8008731	1	
37.5615840	126.8021015	4	
37.5634496	126.8102255	1	
37.5633196	126.8102895	4	
37.5640218	126.8108638	2	
37.5639415	126.8109768	3	
37.5678983	126.8164227	2	
37.5679015	126.8168333	3	
37.5670186	126.8164267	7	
37.5670283	126.8168129	6	
37.5675464	126.8180203	4	
37.5673527	126.8180184	5	
37.5669611	126.8266802	1	
37.5692052	126.8413400	2	
37.5690018	126.8414750	3	
37.5688446	126.8407193	1	
37.5686203	126.8407975	8	
37.5679464	126.8410005	7	
37.5680432	126.8413271	6	
37.5680908	126.8417929	5	
37.5682101	126.8418933	4	
37.5612394	126.8545040	9	
37.5614806	126.8546757	2	
37.5615522	126.8552066	3	
37.5614343	126.8556189	4	
37.5609392	126.8556773	5	
37.5607147	126.8555799	6	
37.5605534	126.8551039	7	
37.5606867	126.8548243	8	
37.5626253	126.8525345	1	
37.5579364	126.8613465	1	
37.5577280	126.8611453	4	
37.5574446	126.8617556	3	
37.5573631	126.8624567	2	
37.5515898	126.8641311	1	
37.5512919	126.8637498	8	
37.5508738	126.8639568	7	
37.5506914	126.8643231	6	
37.5508303	126.8646788	5	
37.5497458	126.8676358	3	
37.5496041	126.8672182	4	
37.5471273	126.8741568	1	
37.5471661	126.8748690	2	
37.5468125	126.8747452	3	
37.5468070	126.8741802	4	
37.5438564	126.8835451	3	
37.5445927	126.8825782	1	
37.5439360	126.8827698	2	
37.5381084	126.8936629	1	
37.5379375	126.8935008	8	
37.5381943	126.8940403	2	
37.5376860	126.8936786	7	
37.5376569	126.8939153	6	
37.5376157	126.8941967	5	
37.5377864	126.8942885	4	
37.5379749	126.8941494	3	
37.5343802	126.9018912	1	
37.5346161	126.9022313	2	
37.5354292	126.9028455	3	
37.5353107	126.9031934	4	
37.5344279	126.9026361	5	
37.5341886	126.9024509	6	
37.5291689	126.9175539	1	
37.5215226	126.9237311	1	
37.5219647	126.9234638	2	
37.5226942	126.9238114	3	
37.5220500	126.9245415	4	
37.5218241	126.9247465	5	
37.5212371	126.9243216	6	
37.5175182	126.9279316	4	
37.5177235	126.9282793	1	
37.5174480	126.9291911	3	
37.5176711	126.9291538	2	
37.5136241	126.9401743	7	
37.5133522	126.9393719	6	
37.5131733	126.9400444	5	
37.5133871	126.9404467	4	
37.5135723	126.9422357	3	
37.5137811	126.9421405	8	
37.5139422	126.9428894	2	
37.5128931	126.9519919	1	
37.5124942	126.9521844	5	
37.5128869	126.9540430	2	
37.5124332	126.9536528	4	
37.5122809	126.9543623	3	
37.5046514	127.0241692	2	
37.5043997	127.0239975	1	
37.5041873	127.0248942	5	
37.5029515	127.0250153	7	
37.5046270	127.0252201	4	
37.5048323	127.0148602	1	
37.5038875	127.0156372	2	
37.5502389	127.1276863	1	
37.5502908	127.1274575	4	
37.5498682	127.1275384	2	
37.5499182	127.1273266	3	
37.5389891	127.1229792	1	
37.5391154	127.1233756	2	
37.5390718	127.1237313	3	
37.5385857	127.1240533	4	
37.5380405	127.1234026	8	
37.5382508	127.1239572	7	
37.5381922	127.1230855	9	
37.5386514	127.1228176	10	
37.5382553	127.1250417	5	
37.5379954	127.1248218	6	
37.5309874	127.1208557	1	
37.5310344	127.1206170	5	
37.5306337	127.1212389	2	
37.5303806	127.1210040	3	
37.5304492	127.1204329	4	
37.5035007	126.9957138	1	
37.5032722	126.9959649	4	
37.5037280	126.9965765	2	
37.5035033	126.9967633	3	
37.5086538	126.9641749	2	
37.5083985	126.9638423	3	
37.5088475	126.9633193	4	
37.5093020	126.9635231	1	
37.5033238	126.9769985	5	
37.5032472	126.9766391	6	
37.5032514	126.9759981	7	
37.5034110	126.9758398	8	
37.5033706	126.9788198	2	
37.5029333	126.9807711	1	
37.5016282	126.9802588	4	
37.5015939	126.9806856	3	
37.5075404	126.7315812		
37.5076238	126.7310631	6	
37.5072517	126.7306084	5	
37.5068485	126.7303820	4	
37.5068233	126.7308846	3	
37.5072087	126.7321581	8	
37.5067532	126.7321527	1	
37.5067783	126.7315977	2	
37.5082134	126.7203432	9	
37.5077287	126.7201537	8	
37.5084772	126.7207653	1	
37.5080202	126.7207493	2	
37.5076186	126.7216090	3	
37.5072431	126.7213977	5	
37.5072238	126.7221606	4	
37.5072785	126.7203902	6	
37.5074007	126.7197861	7	
37.5069650	126.7426630	5	
37.5067264	126.7411730	3	
37.5072205	126.7418455	4	
37.5062238	126.7416579	2	
37.5059599	126.7421321	1	
37.5170369	127.1127931	2	
37.5170323	127.1123576	3	
37.5175851	127.1122327	4	
37.5178296	127.1125993	5	
37.5132820	127.1011759	1	
37.5128484	127.1009003	2	
37.5128835	127.1004716	2-1	
37.5123792	127.1002279	3	
37.5126596	127.0992214	4	
37.5131323	127.0988675	5	
37.5140537	127.0991215	6	
37.5142811	127.1042405	11	
37.5144360	127.1045360	10	
37.5056458	127.1071926	1	
37.5056537	127.1076172	2	
37.5053721	127.1078660	3	
37.5050095	127.1076560	4	
37.5048045	127.1071990	5	
37.5048141	127.1066673	6	
37.5050275	127.1064888	7	
37.5054045	127.1066508	8	
37.4997942	127.1125093	1	
37.4993602	127.1129125	2	
37.4991052	127.1124255	3	
37.4995361	127.1120379	4	
37.4925137	127.1178402	1	
37.4929078	127.1180443	2	
37.4930859	127.1186939	3	
37.4927983	127.1190743	4	
37.4926610	127.1192012	5	
37.4922346	127.1190665	6	
37.4921063	127.1188447	7	
37.4916673	127.1162326	8	
37.4860479	127.1221800	3	
37.4862374	127.1226186	2	
37.4866261	127.1223868	1	
37.4865027	127.1219203	4	
37.4787639	127.1264189	1	
37.4785436	127.1265315	2	
37.4785797	127.1258717	4	
37.4783318	127.1260662	3	
37.4715308	127.1270181	1	
37.4714430	127.1264825	4	
37.4710549	127.1263929	3	
37.4702236	127.1269250	2	
37.4555657	127.1497384	3	
37.4559210	127.1502931	1	
37.4556846	127.1501094	2	
37.4523470	127.1599778	4	
37.4522661	127.1603049	1	
37.4517679	127.1602308	2	
37.4518798	127.1596836	3	
37.4454141	127.1574219	1	
37.4449567	127.1570874	2	
37.4444977	127.1565484	3	
37.4449742	127.1562970	4	
37.4454067	127.1563105	5	
37.4455087	127.1565603	6	
37.4456663	127.1568335	7	
37.4408445	127.1480576	1	
37.4406221	127.1474414	2	
37.4412097	127.1476416	4	
37.4410874	127.1472680	3	
37.4379253	127.1410329	4	
37.4376369	127.1404412	3	
37.4372088	127.1409588	2	
37.4374122	127.1413666	1	
37.4329427	127.1291931	1	
37.4324007	127.1292733	2	
37.4328430	127.1288256	8	
37.4323159	127.1289112	7	
37.4312135	127.1294603	4	
37.4317327	127.1293611	3	
37.4317183	127.1289722	6	
37.4312369	127.1290527	5	
37.4339840	127.1285572	9	
37.4339923	127.1290732	10	
37.4340085	127.1296359	11	
37.5034403	126.7755333	4	
37.5035790	126.7763067	6	
37.5031863	126.7772570	7	
37.5028158	126.7756645	3	
37.5026084	126.7771916	1	
37.5024046	126.7766429	2	
37.5037851	126.7757662	5	
37.5030011	126.7868492	3	
37.5034500	126.7863673	4	
37.5036230	126.7862758	5	
37.5041975	126.7867930	6	
37.5042979	126.7870707	7	
37.5039583	126.7878894	8	
37.5036764	126.7877381	1	
37.5033049	126.7873139	2	
37.5050646	126.7967753	3	
37.5054370	126.7980899	1	
37.5046868	126.7974407	2	
37.5065163	126.8105470	3	
37.5067517	126.8113346	4	
37.5065558	126.8117496	5	
37.5061325	126.8109277	2	
37.5060154	126.8118103	1	
37.4922527	126.8221053	5	
37.4920033	126.8243146	2	
37.4922897	126.8243773	1	
37.4921637	126.8239476	3	
37.4927436	126.8243820	8	
37.4925102	126.8235740	7	
37.4924657	126.8233499	6	
37.4919345	126.8229799	4	
37.4759472	126.8670104	3	
37.4756481	126.8670227	2	
37.4763944	126.8684114	4	
37.4861912	126.8388994	1	
37.4862864	126.8391643	4	
37.4870055	126.8387122	3	
37.4798609	126.8545000	7	
37.4798145	126.8546739	8	
37.4795149	126.8547383	9	
37.4795495	126.8542028	6	
37.4794175	126.8541433	5	
37.4792153	126.8541913	4	
37.4791271	126.8543568	3	
37.4792406	126.8547876	2	
37.4789555	126.8557735	1	
37.4792065	126.8556630	10	
37.4846522	126.8861249	3	
37.4850202	126.8859586	4	
37.4850299	126.8868752	2	
37.4855678	126.8867088	5	
37.4874772	126.8886283	1	
37.4875200	126.8883926	6	
37.4816119	126.8823280	11	
37.4940713	126.8942208	4	
37.4937442	126.8943238	3	
37.4942839	126.8950558	5	
37.4939466	126.8951790	6	
37.4928612	126.8955426	7	
37.4926705	126.8947353	2	
37.4923527	126.8948678	1	
37.4925605	126.8956874	8	
37.4932071	126.8971188	9	
37.4935353	126.8976549	10	
37.4930378	126.8972184	12	
37.4935184	126.8979827	11	
37.5001960	126.9093418	5	
37.5000021	126.9093385	2	
37.5002106	126.9085797	4	
37.5000244	126.9083487	3	
37.5001635	126.9111742	6	
37.4999831	126.9112328	1	
37.4999842	126.9208203	8	
37.5002870	126.9205706	7	
37.5002379	126.9202858	6	
37.4998309	126.9206642	1	
37.4996553	126.9204226	2	
37.4996566	126.9202024	3	
37.5000122	126.9193739	5	
37.4998495	126.9193376	4	
37.4996804	126.9268592	3	
37.4998510	126.9268494	4	
37.4995916	126.9284143	2	
37.4998349	126.9284033	5	
37.4996167	126.9291979	1	
37.4998049	126.9292124	6	
37.5042245	126.9381322	3	
37.5043414	126.9378711	4	
37.5044703	126.9390074	2	
37.5049057	126.9396091	1	
37.5054959	126.9396396	6	
37.5055039	126.9393469	5	
37.5032669	126.9474435	2	
37.5028601	126.9476970	1	
37.5034410	126.9478141	3	
37.5035816	126.9481742	4	
37.5030190	126.9481276	5	
37.4956527	126.9539481	2	
37.4959585	126.9541188	3	
37.4953038	126.9546635	4	
37.4951391	126.9544107	1	
37.4843447	126.9722013	4	
37.4841298	126.9721383	1	
37.4847765	126.9711763	3	
37.4845078	126.9712837	2	
37.4849766	126.9803762	10	
37.4847925	126.9808155	9	
37.4855306	126.9817300	11	
37.4850225	126.9817272	8	
37.4847190	126.9818659	7	
37.4858023	126.9819445	12	
37.4850101	126.9823867	6	
37.4852547	126.9825545	5	
37.4860586	126.9824029	3	
37.4857869	126.9824441	4	
37.4869736	126.9820154	13	
37.4870250	126.9824724	2	
37.4883005	126.9820177	14	
37.4882961	126.9825048	1	
37.6177977	127.0906961	1	
37.6173463	127.0905377	4	
37.6176703	127.0901891	5	
37.6168204	127.0929142	2	
37.6165878	127.0927050	3	
37.6203874	127.0836731	2	
37.6200383	127.0839406	1	
37.6208521	127.0839476	3	
37.6206764	127.0844146	4	
37.6196361	127.0853830	6	
37.6196722	127.0848010	7	
37.6199038	127.0859543	5	
37.6179311	127.0759606	6	
37.6175979	127.0760762	7	
37.6173893	127.0753182	8	
37.6174173	127.0745372	1	
37.6190486	127.0753066	4	
37.6189930	127.0750437	3	
37.6183921	127.0752142	2	
37.6184263	127.0755223	5	
37.6152725	127.0666264	2	
37.6154667	127.0675571	3	
37.6149649	127.0653098	1	
37.6145476	127.0656611	6	
37.6144085	127.0651357	7	
37.6137789	127.0658788	5	
37.6147715	127.0667166	4	
37.6111163	127.0568139	3	
37.6111366	127.0572176	4	
37.6109578	127.0575632	5	
37.6105717	127.0574177	6	
37.6104961	127.0572828	7	
37.6107657	127.0565044	1	
37.6104991	127.0567546	8	
37.6111941	127.0564922	2	
37.6058751	127.0471146	1	
37.6055542	127.0473806	4	
37.6073522	127.0507184	3	
37.6074584	127.0502886	2	
37.6024908	127.0412453	2	
37.6026359	127.0418275	3	
37.6023859	127.0421491	4	
37.6018788	127.0416920	5	
37.5897163	127.0355672	1	
37.5901498	127.0360228	2	
37.5904990	127.0365774	3	
37.5897543	127.0366143	4	
37.5893086	127.0363818	5	
37.5892959	127.0358169	6	
37.5863814	127.0287629	1	
37.5863614	127.0296566	2	
37.5861777	127.0297115	3	
37.5861622	127.0286303	4	
37.5852640	127.0189971	1	
37.5850657	127.0191068	8	
37.5850356	127.0196396	6	
37.5849737	127.0194334	7	
37.5854772	127.0196576	4	
37.5853311	127.0197288	5	
37.5855911	127.0193170	3	
37.5855398	127.0191459	2	
37.5799458	127.0153952	3	
37.5799894	127.0150385	2	
37.5793874	127.0154197	4	
37.5793942	127.0150819	1	
37.5733691	127.0157629	10	
37.5732425	127.0155012	9	
37.5730185	127.0152397	8	
37.5727272	127.0153416	7	
37.5729272	127.0159490	4	
37.5733012	127.0161865	1	
37.5736796	127.0174498	2	
37.5732778	127.0172540	3	
37.5716625	127.0157972	5	
37.5716894	127.0156523	6	
37.5652561	127.0166056	5	
37.5650317	127.0163047	6	
37.5650050	127.0159738	7	
37.5651610	127.0159988	8	
37.5654272	127.0159402	9	
37.5655605	127.0164835	12	
37.5668867	127.0162874	11	
37.5670277	127.0158964	10	
37.5656904	127.0185772	1	
37.5655838	127.0187196	4	
37.5657732	127.0205833	2	
37.5654869	127.0207514	3	
37.5604711	127.0136369	1	
37.5604258	127.0140162	2	
37.5601079	127.0138606	3	
37.5534022	127.0096374	8	
37.5532281	127.0098386	7	
37.5543352	127.0105521	6	
37.5546060	127.0103773	9	
37.5553328	127.0104078	1	
37.5552119	127.0106517	2	
37.5548429	127.0108489	3	
37.5549637	127.0101862	10	
37.5534366	127.0119673	4	
37.5533440	127.0115267	5	
37.5478591	127.0070759	3	
37.5482962	127.0073979	2	
37.5483580	127.0071590	1	
37.5402414	127.0016716	1	
37.5402148	127.0019247	3	
37.5405361	127.0019555	한강진역 2번출구	
37.5350386	126.9745189	13	
37.5350299	126.9740667	14	
37.4877283	126.9942283	1	
37.4879425	126.9939709	8	
37.4881235	126.9935380	7	
37.4880770	126.9932919	6	
37.4876578	126.9930539	5	
37.4874170	126.9932594	4	
37.4873176	126.9940288	2	
37.4872198	126.9938095	3	
37.5082126	127.0112920	5	
37.5086223	127.0115639	6	
37.5079211	127.0114635	2	
37.5081112	127.0121075	1	
37.5078911	127.0102396	4	
37.5075792	127.0102921	3	
37.5135827	127.0307633	4	
37.5137004	127.0304559	5	
37.5136797	127.0310218	3	
37.5140080	127.0303187	6	
37.5142025	127.0304710	7	
37.5142494	127.0306758	8	
37.5142942	127.0324032	2	
37.5145665	127.0321901	9	
37.5147732	127.0328943	10	
37.5144768	127.0330432	1	
37.5184118	127.0503118	7	
37.5191135	127.0499316	8	
37.5191950	127.0502042	9	
37.5185315	127.0505499	6	
37.5111528	127.0210052	7	
37.5112905	127.0214548	10	
37.5116532	127.0212768	9	
37.5115904	127.0208428	8	
37.5108582	127.0210812	6	
37.5105723	127.0212811	5	
37.5110441	127.0216562	1	
37.5107134	127.0217198	2	
37.5174290	127.0418221	4	
37.5172202	127.0418264	1	
37.5168638	127.0407196	2	
37.5171845	127.0406889	3	
37.5191954	127.0515581	10	
37.5192872	127.0520991	11	
37.5190273	127.0521053	4	
37.5189506	127.0516350	5	
37.5196463	127.0554542	3	
37.5198424	127.0552336	12	
37.5203449	127.0565755	13	
37.5197353	127.0569008	2	
37.5196889	127.0576024	1	
37.5204476	127.0571861	14	
37.5318216	127.0664002	4	
37.5319339	127.0671151	1	
37.5311118	127.0664078	3	
37.5310478	127.0666834	2	
37.5408766	127.0714270	3	
37.5401360	127.0704343	2	
37.5399303	127.0703711	5	
37.5408103	127.0687297	1	
37.5405559	127.0683955	6	
37.5470613	127.0744213	3	
37.5469635	127.0737660	4	
37.5477922	127.0743230	5	
37.5472505	127.0746953	2	
37.5487723	127.0749615	6	
37.5489426	127.0754075	1	
37.5574875	127.0791411	1	
37.5573783	127.0794050	2	
37.5572582	127.0797471	3	
37.5571241	127.0800608	4	
37.5571871	127.0789819	8	
37.5568519	127.0791577	7	
37.5568933	127.0798026	5	
37.5567419	127.0794404	6	
37.5661518	127.0842945	2	
37.5661259	127.0845653	1	
37.5665738	127.0845233	3	
37.5736565	127.0865151	3	
37.5742432	127.0868653	1	
37.5738620	127.0870451	2	
37.5806262	127.0880397	3	
37.5809601	127.0882817	2	
37.5816073	127.0884972	1	
37.5886342	127.0873090	3	
37.5894927	127.0873673	1	
37.5883160	127.0879698	2	
37.5965189	127.0857867	1	
37.5963701	127.0851564	6	
37.5966697	127.0857894	8	
37.5963170	127.0859664	2	
37.5961085	127.0851703	5	
37.5948830	127.0860108	3	
37.5947976	127.0857705	4	
37.5973159	127.0855700	7	
37.6017101	127.0793320	3	
37.6017211	127.0795694	2	
37.6034147	127.0790152	4	
37.6034356	127.0792214	1	
37.6115365	127.0778837	1	
37.6116080	127.0773705	7	
37.6098150	127.0780270	4	
37.6102020	127.0779615	3	
37.6097940	127.0777997	5	
37.6101789	127.0777290	6	
37.6111566	127.0778412	2	
37.6258208	127.0730807	1	
37.6257771	127.0727884	4	
37.6253095	127.0729558	3	
37.6239609	127.0727706	2	
37.6358582	127.0677244	5	
37.6363951	127.0686977	2	
37.6360418	127.0687526	3	
37.6354246	127.0677194	4	
37.6374213	127.0677033	1	
37.6373510	127.0672690	6	
37.6457311	127.0635838	6	
37.6458673	127.0639463	1	
37.6455966	127.0645654	2	
37.6452816	127.0633966	5	
37.6441008	127.0646851	3	
37.6440312	127.0644133	4	
37.6642511	127.0577425	5	
37.6642899	127.0580990	4	
37.6648772	127.0579053	3	
37.6649672	127.0575661	6	
37.6660282	127.0572705	8	
37.6657417	127.0573150	7	
37.6661003	127.0575928	1	
37.6657953	127.0576745	2	
37.6538484	127.0608524	5	
37.6537782	127.0605395	6	
37.6545453	127.0609949	4	
37.6543328	127.0600865	7	
37.6551178	127.0605509	3	
37.6551794	127.0601496	8	
37.6562376	127.0625997	9	
37.6566121	127.0640467	10	
37.6560446	127.0626620	2	
37.6563775	127.0641289	1	
37.6788032	127.0555293	1	
37.6788025	127.0551493	6	
37.6780643	127.0551304	5	
37.6779231	127.0554918	2	
37.6769086	127.0551387	4	
37.6776949	127.0562455	3	
37.7002683	127.0535708	1	
37.6891522	127.0465881	2	
37.4946599	127.1521941	1	
37.4954409	127.1532374	2	
37.4933380	127.1446554	3	
37.4930677	127.1447313	4	
37.4933942	127.1443862	2	
37.4935682	127.1436680	1	
37.4932341	127.1436470	8	
37.4929605	127.1441913	7	
37.4926978	127.1443480	6	
37.4929165	127.1446191	5	
37.5025952	127.1285289	1	
37.5024845	127.1288427	2	
37.5025590	127.1274721	7	
37.5022760	127.1273461	6	
37.5017057	127.1276545	5	
37.5016312	127.1283090	3	
37.4984970	127.1345551	1	
37.4980907	127.1349799	2	
37.4982405	127.1341191	4	
37.4978933	127.1349634	3	
37.5394778	126.9613038	1	
37.5392845	126.9609360	6	
37.5390687	126.9616243	3	
37.5393194	126.9615938	2	
37.5452820	126.9516352	3	
37.5451136	126.9520528	4	
37.5442271	126.9516835	5	
37.5442609	126.9507742	2	
37.5438759	126.9505489	1	
37.5427758	126.9516731	9	
37.5430657	126.9526329	7	
37.5419386	126.9530975	10	
37.5481255	126.9416491	1	
37.5478149	126.9422876	2	
37.5476578	126.9421444	3	
37.5477248	126.9312446	1	
37.5477641	126.9317047	2	
37.5477669	126.9327700	3	
37.5473263	126.9332372	4	
37.5472842	126.9315277	5	
37.5472534	126.9310818	6	
37.5478736	126.9228287	1	
37.5478821	126.9231572	2	
37.5476322	126.9231304	3	
37.5476131	126.9228179	4	
37.5630258	126.9046964	3	
37.5626554	126.9043549	4	
37.5625444	126.9040841	5	
37.5629405	126.9031968	7	
37.5642731	126.9028792	2	
37.5644286	126.9022908	8	
37.5646359	126.9025640	1	
37.5682004	126.8990719	1	
37.5697083	126.8990186	2	
37.5706161	126.8989666	3	
37.5755436	126.9002454	3	
37.5753730	126.8999845	2	
37.5774852	126.9022355	4	
37.5777314	126.9024361	1	
37.5781044	126.9020899	5	
37.5781316	126.9002686	6	
37.5767483	126.8988126	7	
37.5771123	126.8979799	8	
37.5776534	126.8971105	9	
37.5844478	126.9100500	4	
37.5843150	126.9102700	1	
37.5840187	126.9095651	3	
37.5838799	126.9098127	2	
37.5913353	126.9135140	3	
37.5913038	126.9137896	2	
37.5920217	126.9136728	4	
37.5918663	126.9139602	1	
37.5987806	126.9155004	1	
37.5993482	126.9155686	2	
37.5993204	126.9159328	3	
37.5988373	126.9158163	4	
37.6060242	126.9225333	1	
37.6057257	126.9228983	4	
37.6064540	126.9230897	3	
37.6066899	126.9227062	2	
37.6108535	126.9290517	7	
37.6106881	126.9292626	6	
37.6109658	126.9298995	9	
37.6112123	126.9294784	8	
37.6106316	126.9296131	5	
37.6102542	126.9302860	1	
37.6101503	126.9300491	4	
37.6091704	126.9312346	2	
37.6090081	126.9311016	3	
37.6183984	126.9328427	1	
37.6197354	126.9208574	1	
37.6193296	126.9211981	2	
37.6196228	126.9205490	7	
37.6192617	126.9204676	6	
37.6186523	126.9217104	3	
37.6185329	126.9214261	4	
37.6186748	126.9210124	5	
37.6114848	126.9174795	1	
37.6129955	126.9156071	4	
37.6110694	126.9170070	3	
37.6109116	126.9173471	2	
37.5089286	127.1260145	4	
37.5084448	127.1257297	3	
37.5088180	127.1263551	1	
37.5082925	127.1261861	2	
37.5165001	127.1314787	1	
37.5161721	127.1307163	3	
37.5160934	127.1312267	2	
37.5282021	127.1361091	4	
37.5275302	127.1358318	3	
37.5274251	127.1364572	2	
37.5571032	127.1683027	4	
37.5568689	127.1683452	5	
37.5566815	127.1647401	1	
37.5563951	127.1647979	8	
37.6698595	127.0788428	2	
37.6699344	127.0786568	3	
37.6704673	127.0793729	1	
37.6705369	127.0792426	4	
37.6609499	127.0735358	3	
37.6604876	127.0734360	1	
37.6602077	127.0732888	4	
37.6606760	127.0731887	2	
37.6534816	127.0488396	1	
37.6529474	127.0465966	2	
37.6489555	127.0347178	4	
37.6488593	127.0350254	1	
37.6479597	127.0344861	2	
37.6480478	127.0341960	3	
37.6384417	127.0259286	8	
37.6382133	127.0256808	7	
37.6382820	127.0262188	1	
37.6380620	127.0259533	2	
37.6373541	127.0251901	3	
37.6374283	127.0248851	6	
37.6370906	127.0249203	4	
37.6372352	127.0246537	5	
37.6273055	127.0262272	2	
37.6273607	127.0259536	1	
37.5553290	127.1533854	1	
37.5550815	127.1536273	2	
37.5552034	127.1544986	3	
37.5549813	127.1543663	4	
37.5548280	127.1534244	5	
37.5510816	127.1440844	4	
37.5511701	127.1439205	1	
37.5515331	127.1441347	3	
37.5460385	127.1427990	2	
37.5459679	127.1432229	3	
37.5454884	127.1427614	1	
37.5378438	127.1399127	1	
37.5380650	127.1401869	2	
37.5375147	127.1399862	3	
37.6272885	127.0255674	8	
37.6268636	127.0257551	7	
37.6261338	127.0263774	3	
37.6257063	127.0265207	4	
37.6256685	127.0262270	5	
37.6260287	127.0260765	6	
37.6141843	127.0302497	1	
37.6141473	127.0298831	6	
37.6129793	127.0299269	5	
37.6124592	127.0299871	4	
37.6124074	127.0303180	3	
37.6126919	127.0303092	2	
37.6030503	127.0250322	1	
37.6025933	127.0248199	2	
37.6026680	127.0245193	3	
37.6031457	127.0247066	4	
37.6039727	127.0251934	5	
37.6038964	127.0249788	6	
37.6043516	127.0250107	7	
37.6045374	127.0250479	8	
37.6045277	127.0252309	9	
37.6044252	127.0256237	10	
37.5929771	127.0165256	6	
37.5929529	127.0167939	7	
37.5926517	127.0168732	1	
37.5924117	127.0166394	2	
37.5923920	127.0161922	3	
37.5926479	127.0158761	4	
37.5928498	127.0162979	5	
37.5887132	127.0056556	5	
37.5881579	127.0058813	4	
37.5881357	127.0063179	3	
37.5886769	127.0061966	6	
37.5884114	127.0066717	2	
37.5885757	127.0069343	1	
37.5889453	127.0067786	7	
37.5830531	127.0019095	1	
37.5835691	127.0013502	4	
37.5813695	127.0018371	3	
37.5813917	127.0022317	2	
37.5361604	127.1322107	1	
37.5358601	127.1332361	2	
37.5355846	127.1326205	3	
37.5357566	127.1320439	4	
37.5453429	127.1042783	2	
37.5454620	127.1036453	1	
37.5446964	127.1042917	3	
37.5446475	127.1036373	4	
37.5517056	127.0900331	2	
37.5521181	127.0898293	1	
37.5519352	127.0890756	4	
37.5521479	127.0891989	5	
37.5515227	127.0895476	3	
37.5618269	127.0642329	1	
37.5619481	127.0646031	2	
37.5619511	127.0651300	3	
37.5616359	127.0653225	4	
37.5612315	127.0639647	8	
37.5610040	127.0641847	7	
37.5609466	127.0647265	6	
37.5611061	127.0649947	5	
37.5663066	127.0537214	4	
37.5668541	127.0530504	3	
37.5662428	127.0531071	5	
37.5664830	127.0527745	6	
37.5678425	127.0517006	1	
37.5674370	127.0522558	2	
37.5674802	127.0512806	8	
37.5671187	127.0518465	7	
37.5658091	127.0421798	1	
37.5661726	127.0427833	2	
37.5655646	127.0423971	4	
37.5659303	127.0430086	3	
37.5614023	127.0374481	5	
37.5614151	127.0369492	4	
37.5610281	127.0376251	6-1	
37.5614004	127.0382327	12	
37.5612407	127.0392291	6	
37.5614618	127.0389555	13	
37.5612556	127.0359970	3	
37.5610387	127.0361553	7	
37.5606778	127.0354210	9	
37.5609600	127.0358884	8	
37.5616319	127.0351018	1	
37.5616078	127.0353823	2	
37.5613419	127.0349290	11	
37.5610196	127.0348924	10	
37.5569283	127.0284100	1	
37.5572258	127.0290522	2	
37.5567200	127.0285727	4	
37.5570814	127.0292300	3	
37.5546485	127.0198032	1	
37.5549390	127.0199303	2	
37.5548199	127.0201126	3	
37.5712406	127.0080980	10	
37.5708895	127.0087973	9	
37.5703253	127.0092861	8	
37.5708489	127.0101305	7	
37.5712185	127.0104871	6	
37.5717840	127.0107070	1	
37.5720923	127.0120669	3	
37.5718563	127.0121232	4	
37.5717904	127.0118496	5	
37.5650979	127.0072623	8	
37.5654586	127.0076189	9	
37.5656115	127.0080430	10	
37.5657470	127.0091836	1	
37.5653853	127.0104183	2	
37.5648689	127.0104443	3	
37.5641213	127.0063609	5	
37.5648307	127.0042602	7	
37.5646499	127.0037056	6	
37.5657423	127.0074416	11	
37.5660060	127.0073036	12	
37.5612907	126.9932394	7	
37.5613304	126.9930840	6	
37.5611484	126.9929424	5	
37.5609291	126.9929159	4	
37.5609145	126.9934834	3	
37.5616913	126.9956066	8	
37.5613552	126.9954525	1	
37.5612571	126.9949411	2	
37.5611188	126.9873202	9	
37.5611684	126.9878684	10	
37.5608619	126.9872619	1	
37.5609856	126.9858574	8	
37.5609556	126.9854162	7	
37.5607752	126.9858964	2	
37.5607321	126.9854902	3	
37.5608718	126.9847213	5	
37.5609256	126.9849150	6	
37.5606753	126.9848244	4	
37.5592389	126.9798359	1	
37.5593979	126.9792715	6	
37.5591192	126.9794376	2	
37.5579631	126.9773346	5	
37.5577715	126.9775039	4	
37.5580171	126.9778901	3	
37.5576617	126.9727395	3	
37.5573942	126.9730606	4	
37.5570631	126.9729825	5	
37.5566525	126.9735882	7	
37.5567434	126.9732636	6	
37.5561548	126.9734463	8	
37.5559318	126.9732615	9	
37.5562533	126.9720890	2	
37.5540661	126.9737640	10	
37.5534432	126.9731169	11	
37.5535727	126.9724576	14	
37.5525112	126.9727341	12	
37.5526333	126.9722992	13	
37.5534566	126.9692775	15	
37.5544913	126.9699116	3	
37.5545364	126.9717037	2	
37.5543653	126.9718629	1	
37.5454714	126.9720800	1	
37.5452651	126.9722959	2	
37.5449971	126.9723277	3	
37.5447291	126.9722711	4	
37.5453699	126.9717030	10	
37.5446828	126.9718818	9	
37.5440571	126.9720322	8	
37.5441417	126.9724206	5	
37.5437307	126.9720974	7	
37.5437968	126.9724999	6	
37.5291193	126.9675535	4	
37.5298329	126.9678915	5	
37.5299709	126.9683946	6	
37.5297426	126.9689219	1	
37.5284457	126.9675200	2	
37.5284883	126.9669852	3	
37.5228632	126.9733281	1	
37.5225451	126.9734075	5	
37.5221504	126.9756356	2	
37.5219101	126.9754486	3	
37.5222836	126.9734103	4	
37.4782536	126.9819810	11	
37.4782744	126.9815413	10	
37.4777793	126.9819379	12	
37.4777380	126.9815150	9	
37.4770237	126.9820242	13	
37.4766888	126.9823877	14	
37.4770849	126.9812570	8	
37.4768404	126.9809119	7	
37.4763831	126.9808630	6	
37.4760897	126.9811892	5	
37.4762340	126.9823015	1	
37.4759626	126.9819071	2	
37.4751246	126.9819927	3	
37.4751190	126.9814788	4	
37.4649087	126.9891808	1	
37.4643972	126.9885023	2	
37.4643871	126.9880860	3	
37.4648028	126.9880541	4	
37.4523786	127.0012585	3	
37.4521205	127.0009887	2	
37.4518592	127.0013179	1	
37.4510046	127.0029955	5	
37.4513642	127.0027550	4	
37.4507710	127.0027200	6	
37.4445835	127.0078028	1	
37.4441108	127.0080710	2	
37.4443688	127.0073595	6	
37.4436540	127.0081849	3	
37.4433629	127.0081880	4	
37.4433368	127.0077291	5	
37.4358417	127.0071679	1	
37.4364388	127.0063955	6	
37.4355384	127.0069540	2	
37.4352593	127.0066853	3	
37.4334507	126.9977361	1	
37.4336234	126.9979353	2	
37.4330598	126.9986368	3	
37.4326840	126.9983154	4	
37.4322306	126.9960230	5	
37.4322627	126.9947398	7	
37.4316235	126.9948790	6	
37.4269447	126.9902918	9	
37.4267220	126.9905044	2	
37.4271783	126.9908819	1	
37.4280665	126.9905584	10	
37.4280873	126.9911376	11	
37.4260381	126.9895441	3	
37.4262847	126.9888729	8	
37.4260304	126.9886358	7	
37.4254187	126.9892120	6	
37.4252454	126.9894853	5	
37.4258092	126.9897462	4	
37.4021297	126.9772144	1	
37.4012348	126.9773807	2	
37.4009983	126.9771045	3	
37.4009600	126.9764098	4	
37.4015672	126.9763642	5	
37.4020381	126.9762408	6	
37.4025090	126.9757768	7	
37.4028819	126.9760906	8	
37.3948319	126.9646443	3	
37.3940970	126.9649496	4	
37.3944199	126.9636366	2	
37.3941157	126.9638075	1	
37.3902901	126.9515644	1	
37.3902101	126.9518335	2	
37.3897721	126.9518121	3	
37.3900579	126.9512366	4	
37.3896056	126.9512264	4-1	
37.3891609	126.9500344	6	
37.3893684	126.9502471	5	
37.3720435	126.9439105	1	
37.3716339	126.9441119	2	
37.3714289	126.9434599	3	
37.3713532	126.9431399	4	
37.3717425	126.9429588	5	
37.3723360	126.9423762	6	
37.3726356	126.9424785	7	
37.3727573	126.9428229	8	
37.5661973	127.0075015	13	
37.5664525	127.0078073	14	
37.5670361	126.9984221	5	
37.5668116	126.9987501	6	
37.5669794	126.9977880	2	
37.5667476	126.9975158	1	
37.5664704	126.9987222	7	
37.5662273	126.9984426	8	
37.5663923	126.9978001	9	
37.5664325	126.9973733	10	
37.5677970	126.9981347	4	
37.5677875	126.9979654	3	
37.5712694	126.9775669	3	
37.5707041	126.9774533	4	
37.5698233	126.9774219	5	
37.5697957	126.9766147	6	
37.5704724	126.9765102	7	
37.5718764	126.9748938	1	
37.5717149	126.9751526	8	
37.5711678	126.9921683	9	
37.5708473	126.9919084	2-1	
37.5706273	126.9924936	10	
37.5706390	126.9927415	11	
37.5703601	126.9925141	13	
37.5703684	126.9927696	12	
37.5705530	126.9913472	1	
37.5705774	126.9917621	2	
37.5702253	126.9914040	15	
37.5702543	126.9918044	14	
37.5724618	126.9895583	4	
37.5724679	126.9888890	5	
37.5659815	126.9671966	5	
37.5656570	126.9671743	6	
37.5659835	126.9661598	2	
37.5655324	126.9662189	1	
37.5663608	126.9666954	3	
37.5664070	126.9669472	4	
37.5652887	126.9665583	8	
37.5653249	126.9668721	7	
37.5595264	126.9637785	2	
37.5590285	126.9634776	6	
37.5590206	126.9637894	5	
37.5597328	126.9621650	7	
37.5596876	126.9628172	10	
37.5606554	126.9633443	9	
37.5606346	126.9628946	8	
37.5532952	126.9563948	1	
37.5535664	126.9565026	2	
37.5532517	126.9567878	3	
37.5529550	126.9566456	4	
37.5400051	126.9461181	2	
37.5395519	126.9453801	1	
37.5267199	126.9328776	3	
37.5270678	126.9324260	2	
37.5269648	126.9322458	1	
37.5265718	126.9327577	4	
37.3583319	126.9335929	1	
37.3577148	126.9323430	2	
37.3497209	126.9255043	1	
37.3503082	126.9253290	2	
37.3505296	126.9253994	3	
37.3277280	126.9168717	1	
37.3278653	126.9166119	2	
37.3117348	126.9038014	1	
37.3030127	126.8666471	2	
37.3025944	126.8666269	1	
37.3101499	126.8542364	3	
37.3161858	126.8388111	1	
37.3157885	126.8390070	2	
37.3169022	126.8234353	1	
37.3166791	126.8234719	2	
37.3206594	126.8062416	1	
37.3274151	126.7889906	1	
37.3267142	126.7880436	2	
37.3376904	126.7675487	2	
37.3372405	126.7672175	1	
37.3519669	126.7428722	2	
37.3517100	126.7427421	1	
37.3618501	126.7381324	1	
37.3623092	126.7383345	2	
37.3622203	126.7388885	3	
37.5168387	126.9170978	1	
37.5171422	126.9169454	2	
37.5177394	126.9144052	3	
37.5228967	126.9050667	1	
37.5229656	126.9052474	2	
37.5225290	126.9052111	3	
37.5225700	126.9049854	4	
37.5245129	126.8960947	7	
37.5247771	126.8962393	1	
37.5247487	126.8965792	5	
37.5259182	126.8964951	2	
37.5267466	126.8967693	3	
37.5267246	126.8971051	4	
37.5254108	126.8860954	2	
37.5257276	126.8860365	1	
37.5247127	126.8761056	3	
37.5246966	126.8765263	4	
37.5241936	126.8765365	5	
37.5240231	126.8759428	6	
37.5241135	126.8757027	7	
37.5248921	126.8739334	1	
37.5245856	126.8736852	8	
37.5260084	126.8739114	2	
37.5263806	126.8646624	4	
37.5265343	126.8645013	3	
37.5264286	126.8641034	2	
37.5258129	126.8649164	5	
37.5255832	126.8647171	6	
37.5257306	126.8642655	7	
37.5261750	126.8635323	1	
37.5253057	126.8575412	2	
37.5251410	126.8575803	3	
37.5248762	126.8545084	1	
37.5247399	126.8546609	5	
37.5247793	126.8549987	4	
37.5416222	126.8397646	7	
37.5419349	126.8399556	8	
37.5419232	126.8408209	2	
37.5420756	126.8401968	1	
37.5416418	126.8409867	3	
37.5413882	126.8408443	4	
37.5413086	126.8405127	5	
37.5413882	126.8401298	6	
37.5484316	126.8365554	2	
37.5489655	126.8365493	1	
37.5488394	126.8362058	4	
37.5484493	126.8361997	3	
37.5589223	126.8381031	2	
37.5588891	126.8385580	3	
37.5582963	126.8385784	5	
37.5581667	126.8383510	6	
37.5584837	126.8372185	8	
37.5581933	126.8379015	7	
37.5588632	126.8374917	1	
37.5602162	126.8256471	2	
37.6762087	126.7469904	3	
37.6757483	126.7471917	2	
37.6759062	126.7476352	1	
37.6764734	126.7472153	4	
37.6764966	126.7476970	5	
37.6761897	126.7478762	6	
37.6707063	126.7613923	6	
37.6705766	126.7617493	7	
37.6700499	126.7619871	8	
37.6697338	126.7607138	3	
37.6695730	126.7611307	2	
37.6697148	126.7617542	1	
37.6591730	126.7732702	1	
37.6593552	126.7737501	4	
37.6597828	126.7729261	2	
37.6599604	126.7733799	3	
37.6514272	126.7779078	1	
37.6524454	126.7772797	4	
37.6525720	126.7776445	5	
37.6523325	126.7782835	6	
37.6520242	126.7784656	7	
37.6515537	126.7782573	8	
37.6426385	126.7881934	1	
37.6425821	126.7877328	2	
37.6428070	126.7874160	3	
37.6432103	126.7874247	4	
37.6434935	126.7877743	5	
37.6435434	126.7882682	6	
37.6432976	126.7886886	7	
37.6428979	126.7885728	8	
37.6317819	126.8113026	5	
37.6314707	126.8111995	4	
37.6315383	126.8107157	3	
37.6312550	126.8106507	2	
37.6311906	126.8111385	1	
37.6347531	126.8330564	4	
37.6348627	126.8321486	3	
37.6345044	126.8321856	2	
37.6343906	126.8330467	1	
37.6534961	126.8433340	1	
37.6531818	126.8431464	2	
37.6527646	126.8428785	3	
37.6528335	126.8425968	4	
37.6532645	126.8428324	5	
37.6535960	126.8430817	6	
37.6510863	126.8721005	5	
37.6506484	126.8724732	4	
37.6507926	126.8737622	6	
37.6501359	126.8732583	3	
37.6500978	126.8738353	2	
37.6501372	126.8743190	1	
37.6504351	126.8744792	8	
37.6508296	126.8744095	7	
37.6529610	126.8965348	1	
37.6530756	126.8961690	2	
37.6529750	126.8952641	3	
37.6532905	126.8947128	4	
37.6536914	126.8947460	5	
37.6537955	126.8959350	7	
37.6538325	126.8965413	8	
37.6534552	126.8968137	6	
37.6480836	126.9141092	1	
37.6481216	126.9138591	2	
37.6361959	126.9192011	2	
37.6361401	126.9187139	3	
37.6371117	126.9189358	1	
37.6015493	126.9356485	1	
37.6014272	126.9352844	5	
37.6010383	126.9353971	4	
37.6007930	126.9354122	3	
37.6006813	126.9360944	2	
37.5893801	126.9436665	1	
37.5891915	126.9433902	4	
37.5883775	126.9448677	2	
37.5882054	126.9446150	3	
37.5750766	126.9572962	1	
37.5749091	126.9576370	2	
37.5750478	126.9570629	5	
37.5737923	126.9589176	3	
37.5736237	126.9586840	4	
37.5762007	126.9721974	1	
37.5762348	126.9726844	3	
37.5756332	126.9731597	6	
37.5762760	126.9754940	5	
37.5761305	126.9843716	1	
37.5758642	126.9842002	6	
37.5771066	126.9861265	2	
37.5770144	126.9863855	3	
37.5766146	126.9863872	4	
37.5765002	126.9860457	5	
37.5664388	126.9923102	3	
37.5664754	126.9929295	6	
37.5662483	126.9923379	10	
37.5662299	126.9929541	7	
37.5674137	126.9925896	5	
37.5651919	126.9928789	8	
37.5651769	126.9926355	9	
37.5663056	126.9899643	2	
37.5663042	126.9894317	1	
37.5661463	126.9900278	11	
37.5660315	126.9894137	12	
37.5615148	126.8111261	1	
37.5614599	126.8116299	2	
37.5611638	126.8110913	4	
37.5611092	126.8115548	3	
37.5720933	126.8062718	1	
37.5723920	126.8061037	2	
37.5591820	127.0049646	1	
37.5592931	127.0053028	2	
37.5592712	127.0063018	3	
37.5590692	127.0066557	4	
37.5586780	127.0063848	5	
37.5588658	127.0050189	6	
37.5772412	126.8130675	1	
37.5771285	126.8127752	2	
37.5771498	126.8125284	3	
37.5774435	126.8122806	4	
37.5415148	127.0172046	5	
37.5417892	127.0169675	6	
37.5420857	127.0174378	1	
37.5417078	127.0175058	2	
37.5424208	127.0170455	7	
37.5414581	127.0174191	4	
37.5412063	127.0175896	3	
37.5275843	127.0288623	1	
37.5269957	127.0287140	2	
37.5270021	127.0276920	6	
37.5267809	127.0279361	5	
37.5193191	126.8534529	4	
37.5192489	126.8531632	1	
37.5209439	126.8524301	2	
37.5209856	126.8526591	3	
37.5258815	127.0288586	3	
37.5255692	127.0282503	4	
37.5165555	127.0199037	7	
37.5166250	127.0197115	6	
37.5164911	127.0191420	5	
37.5156809	127.0193598	4	
37.5161213	127.0201038	2	
37.5157767	127.0198701	3	
37.5167918	127.0206998	8	
37.5163574	127.0209871	1	
37.5128381	127.0116220	1	
37.5130487	127.0114866	4	
37.5128072	127.0109944	3	
37.5125839	127.0111124	2	
37.4938005	127.0133366	11	
37.4935969	127.0130039	10	
37.4933063	127.0131402	9	
37.4932235	127.0135207	8	
37.4933484	127.0139330	12	
37.4937050	127.0143559	5	
37.4941359	127.0137502	6	
37.4940022	127.0143131	7	
37.4942175	127.0149983	3	
37.4943523	127.0154283	4	
37.4939521	127.0151115	2	
37.4920772	127.0141177	13	
37.4920716	127.0138204	14	
37.4852469	127.0162658	1	
37.4851454	127.0165216	2	
37.4849864	127.0166067	3	
37.4848321	127.0165138	4	
37.4831486	127.0175990	4-1	
37.4833646	127.0171655	4-2	
37.4850045	127.0158808	6	
37.4839027	127.0349356	7	
37.4836943	127.0344515	10	
37.4828018	127.0360571	8	
37.4826469	127.0355219	9	
37.5124799	126.8656459	2	
37.5144959	126.8828095	2	
37.5143348	126.8828947	1	
37.5093380	126.8907132	1	
37.5078946	126.8914830	3	
37.5078981	126.8917637	2	
37.4874810	126.9129516	4	
37.4872976	126.9131856	1	
37.4872077	126.9130356	2	
37.4873996	126.9128066	3	
37.4849797	126.9021189	1	
37.4849884	126.9027170	6	
37.4844132	126.9300775	8	
37.4847031	126.9297966	7	
37.4844857	126.9294763	6	
37.4843035	126.9292003	5	
37.4839982	126.9292359	4	
37.4838660	126.9295880	3	
37.4841754	126.9301508	1	
37.4839388	126.9298356	2	
37.4824195	126.9427080	6	
37.4824766	126.9422857	5	
37.4822014	126.9421941	2	
37.4821280	126.9426351	1	
37.4825969	126.9407029	3	
37.4816395	126.9526915	6	
37.4814975	126.9524038	5	
37.4815655	126.9530990	7	
37.4813029	126.9532284	8	
37.4811803	126.9521531	4	
37.4808437	126.9524369	3	
37.4807999	126.9528219	2	
37.4809488	126.9531277	1	
37.4770098	126.9640590	7	
37.4768872	126.9644371	8	
37.4767193	126.9639544	2	
37.4766022	126.9643299	1	
37.4772621	126.9633804	6	
37.4774494	126.9629352	5	
37.4771599	126.9627796	4	
37.4769875	126.9632141	3	
37.4921137	127.0080381	8	
37.4922878	127.0076753	7	
37.4919761	127.0072559	6	
37.4918006	127.0071373	5	
37.4915282	127.0073727	4	
37.4914159	127.0076275	3	
37.4915647	127.0080965	2	
37.4917416	127.0082150	1	
37.4869951	127.0463368	2	
37.4867533	127.0458254	1	
37.4864262	127.0461310	4	
37.4866674	127.0466253	3	
37.4943343	127.0624832	2	
37.4939974	127.0617665	1	
37.4936835	127.0619102	8	
37.4940580	127.0627418	7	
37.4949635	127.0643378	3	
37.4949037	127.0650671	5	
37.5010509	127.0371723	8	
37.5011885	127.0369034	7	
37.5010872	127.0365349	6	
37.5008066	127.0362557	5	
37.5003321	127.0373635	1	
37.5003293	127.0364610	2	
37.5004940	127.0351646	4	
37.5001157	127.0353612	3	
37.4947104	127.0644336	6	
37.4941016	127.0795051	1	
37.4938828	127.0796092	2	
37.4937304	127.0793000	7	
37.4939405	127.0792000	8	
37.4935828	127.0799173	3	
37.4933409	127.0797974	4	
37.4932944	127.0795652	5	
37.4933834	127.0792393	6	
37.4843315	127.0837125	1	
37.4837567	127.0851246	2	
37.4835458	127.0849366	3	
37.4843724	127.0834471	7	
37.4840333	127.0835161	6	
37.4833119	127.0852329	4	
37.4832647	127.0848160	5	
37.4877658	127.1014724	2	
37.4877264	127.1022580	3	
37.4871641	127.1021602	5	
37.4870525	127.1025457	4	
37.4869066	127.1017846	6	
37.4872712	127.1007681	1	
37.4874611	127.1009596	1-1	
37.4959623	127.1242992	2	
37.4953621	127.1236144	1	
37.4951106	127.1236964	4	
37.4953859	127.1240936	3	
37.4966660	127.0284757	3	
37.4965253	127.0280463	6	
37.4954867	127.0290650	4	
37.4953577	127.0286183	5	
37.5345199	127.0949410	3	
37.5346241	127.0951999	2	
37.5350814	127.0945843	4	
37.5351898	127.0948525	1	
37.5043817	127.0477395	5	
37.5038538	127.0478118	4	
37.5045706	127.0484820	6	
37.5049763	127.0485637	7	
37.5050134	127.0488953	8	
37.5048207	127.0493039	9	
37.5040390	127.0493039	2	
37.5040316	127.0491545	3	
37.5049207	127.0496775	10	
37.5044780	127.0499414	1	
37.5092783	127.0624955	6	
37.5089162	127.0623309	5	
37.5095283	127.0632718	7	
37.5093770	127.0637423	8	
37.5083809	127.0626157	4	
37.5082553	127.0631267	3	
37.5088804	127.0640000	1	
37.5084561	127.0637494	2	
37.5116219	127.0732162	6	
37.5117120	127.0737639	7	
37.5112665	127.0727442	5	
37.5105602	127.0734201	3	
37.5104921	127.0727898	4	
37.5116580	127.0745895	8	
37.5108134	127.0745869	2	
37.5109916	127.0751514	1	
37.5119829	127.0852192	6	
37.5118378	127.0859819	7	
37.5111729	127.0859058	2	
37.5114112	127.0852191	3	
37.5114219	127.0847444	4	
37.5117580	127.0876197	8	
37.5112580	127.0876304	1	
37.5209742	127.1035198	4	
37.5210742	127.1037854	1	
37.5204126	127.1038256	3	
37.5204871	127.1040938	2	
37.5370084	127.0850920	1	
37.5367872	127.0851698	4	
37.5374593	127.0869776	2	
37.5372700	127.0871009	3	
37.5450398	127.0551237	1	
37.5447446	127.0550065	4	
37.5444263	127.0570324	2	
37.5441528	127.0569174	3	
37.5471274	127.0482465	3	
37.5468233	127.0480802	6	
37.5475485	127.0468222	2	
37.5472763	127.0467364	7	
37.5647399	127.0291491	1	
37.5643679	127.0287924	6	
37.5642446	127.0292913	5	
37.5643381	127.0301764	2	
37.5640319	127.0303830	3	
37.5644872	127.0388029	4	
37.5662726	126.9821369	1	
37.5664058	126.9823094	2	
37.5665185	126.9830135	3	
37.5663730	126.9832159	4	
37.5657611	126.9831794	5	
37.5656188	126.9829640	6	
37.5658950	126.9820068	8	
37.5654717	126.9823518	7	
37.5661121	126.9774322	5	
37.5668639	126.9773672	4	
37.5659896	126.9768675	3	
37.5657675	126.9768633	2	
37.5648345	126.9776959	6	
37.5642854	126.9773430	7	
37.5646070	126.9767249	1	
37.5642244	126.9763923	12	
37.5638321	126.9756186	11	
37.5637124	126.9764756	8	
37.5633133	126.9739922	10	
37.5628918	126.9740532	9	
37.5575921	126.9559431	1	
37.5575809	126.9564527	2	
37.5572306	126.9559031	4	
37.5569751	126.9561365	3	
37.5568458	126.9456142	1	
37.5570112	126.9458014	2	
37.5570497	126.9459597	3	
37.5568719	126.9461923	4	
37.5566467	126.9454723	6	
37.5563625	126.9459536	5	
37.5554764	126.9364458	1	
37.5555877	126.9367481	2	
37.5555878	126.9370061	3	
37.5554545	126.9372855	4	
37.5548571	126.9373677	6	
37.5551724	126.9376773	5	
37.5552463	126.9360506	8	
37.5585121	126.9253023	3	
37.5580814	126.9259593	4	
37.5576965	126.9269890	5	
37.5569743	126.9273771	7	
37.5566222	126.9287032	6	
37.5571558	126.9238879	2	
37.5568887	126.9241233	8	
37.5560397	126.9229218	9	
37.5562768	126.9226779	1	
37.5698557	127.0473622	1	
37.5760269	127.0230188	12	
37.5742203	127.0377645	1	
37.5744938	127.0379525	2	
37.5741544	127.0386457	3	
37.5736318	127.0382852	4	
37.5738882	127.0377460	5	
37.5624956	127.0513795	1	
37.5625858	127.0504369	2	
37.8153910	126.7926263	1	
37.8544927	126.7873972	1	
37.7962734	126.7921640	1	
37.7657666	126.7739550	1	
37.7517501	126.7655118	1	
37.7251995	126.7675681	2	
37.6818014	126.7692151	1	
37.6939369	126.7607902	1	
37.6939704	126.7614051	2	
37.6726502	126.7866329	2	
37.6722085	126.7858717	1	
37.6584346	126.7946685	2	
37.6581193	126.7940413	1	
37.6458366	126.8021480	2	
37.6456366	126.8014332		
37.6123853	126.8344885	1	
37.9479839	127.0612761	1	
37.9275595	127.0541610	2	
37.9276516	127.0553472	1	
37.9140383	127.0574360	2	
37.9140367	127.0570965	1	
37.9018081	127.0561680	1	
37.9025500	127.0563948	2	
37.9018150	127.0567072	3	
37.9011759	127.0562941	4	
37.8435406	127.0618356	1	
37.8186420	127.0564385	1	
37.7744706	127.0445339	1	
37.7745149	127.0449738	2	
37.7594087	127.0420448	1	
37.7594478	127.0424725	2	
37.7480624	127.0446859	3	
37.7482682	127.0441651	1	
37.7483776	127.0445690	2	
37.7363026	127.0455745	1	
37.7386230	127.0451902	3	
37.7382486	127.0449639	2	
37.7387730	127.0465290	5	
37.7391516	127.0462878	4	
37.7381613	127.0466335	6	
37.7363939	127.0469394	7	
37.7250849	127.0464727	1	
37.7243936	127.0470903	3	
37.7112585	127.0473379	1	
37.7112022	127.0470919	2	
37.7090360	127.0475298	3	
37.6800421	127.0455748	1	
37.6777010	127.0451689	2	
37.6776864	127.0453599	3	
37.6685499	127.0441148	1	
37.6685610	127.0443109	2	
37.6662543	127.0445234	3	
37.6458763	127.0506178	1	
37.6459735	127.0509288	2	
37.6433684	127.0520043	3	
37.6433440	127.0518502	4	
37.6340331	127.0590799	1	
37.6317091	127.0587542	3	
37.6235736	127.0613623	2	
37.6233266	127.0615057	1	
37.6229609	127.0619723	3	
37.6027674	127.0675607	1	
37.6027255	127.0677655	2	
37.6026537	127.0685473	3	
37.6007015	127.0670213	5	
37.6007891	127.0666819	4	
37.5954655	127.0628955	1	
37.5954368	127.0632749	2	
37.5899282	127.0576150	1	
37.5897486	127.0584393	2	
37.5807099	127.0455927	2	
37.5808564	127.0459463	3	
37.5804058	127.0461400	4	
37.5798813	127.0455822	5	
37.5796093	127.0430114	1	
37.5782491	127.0334648	1	
37.5780058	127.0334974	6	
37.5780026	127.0339547	5	
37.5782909	127.0360566	2	
37.5780284	127.0353817	4	
37.5780332	127.0357374	3	
37.5757844	127.0227043	11	
37.5759197	127.0235085	1	
37.5755445	127.0237519	6	
37.5758937	127.0246828	5	
37.5761085	127.0254680	4	
37.5749721	127.0241434	10	
37.5741578	127.0265742	8	
37.5742855	127.0262449	7	
37.5739232	127.0264532	9	
37.5710846	127.0016294	1	
37.5711828	127.0017646	2	
37.5711949	127.0020217	3	
37.5711597	127.0021430	4	
37.5708236	127.0022138	5	
37.5707100	127.0020898	6	
37.5707116	127.0017504	7	
37.5708115	127.0016060	8	
37.5703676	126.9824446	1	
37.5709039	126.9828605	2	
37.5709068	126.9832021	3-1	
37.5703588	126.9838797	3	
37.5700754	126.9838288	4	
37.5416588	126.9713245	1	
37.5130199	126.9267609	5	
37.5129393	126.9268057	4	
37.5130199	126.9271777	1	
37.5136181	126.9268687	6	
37.5126829	126.9268646	3	
37.5127748	126.9272447	2	
37.5164959	126.9072927	5	
37.5161096	126.9064535	6	
37.5149565	126.9077227	2	
37.5150404	126.9079544	1	
37.5146990	126.9072755	4	
37.5025243	126.8808014	2	
37.5021188	126.8819062	1	
37.4342830	126.9021765	2	
37.4343566	126.9027149	1	
37.4664560	126.8889778	2	
37.4664264	126.8895279	1	
37.6034108	126.8685844	1	1번 출구
37.6019675	126.8670547	2	
37.5813517	126.8953224	1	
37.5691977	126.9144538	3	
37.5688092	126.9152571	4	
37.5686463	126.9141287	2	
37.5683756	126.9148235	1	
37.4188986	126.9092237	2	
37.4184789	126.9087988	1	
37.4013261	126.9225719	1	
37.4016463	126.9232500	2	
37.3854642	126.9350199	1	
37.3854743	126.9356323	2	
37.3536153	126.9483476	1	
37.3536132	126.9485726	2	
37.3440484	126.9486161	1	
37.3435423	126.9486146	2	
37.3439464	126.9480707	3	
37.3213238	126.9486513	2	
37.3001480	126.9723693	1	
37.2998781	126.9722096	2	
37.2851230	126.9893449	2	
37.2852177	126.9892171	1	
37.2662011	127.0006222	1	
37.2658609	126.9992130	2	
37.2657317	126.9992811	3	
37.2667171	127.0005067	5	
37.2660794	127.0008301	6	
37.2674776	126.9999245	4	
37.2671466	127.0014473	7	
37.2669233	127.0016791	8	
37.2666718	127.0017271	9	
37.2661015	127.0013111	10	
37.2443088	127.0142401	1	
37.2067370	127.0327322	3	
37.2069926	127.0334444	1	
37.1869419	127.0429680	1	
37.5527247	126.9344941	2	
37.5519496	126.9352923	1	
37.1694607	127.0632718	1	
37.1693980	127.0627040	2	
37.1456866	127.0664804	2	
37.1456360	127.0675858	1	
37.1099111	127.0627480	1	
37.1099655	127.0619941	2	
37.0752512	127.0545728	1	
37.0747696	127.0546042	2	
37.0746879	127.0545698	3	
37.0746797	127.0538159	4	
37.0750835	127.0540951	5	
37.0571186	127.0534175	1	
37.0569269	127.0525633	2	
37.0574304	127.0526246	4	
37.0189332	127.0708196	1	
37.0188519	127.0695365	2	
36.9905405	127.0847852	2	
36.9158621	127.1273780	1	
36.9161134	127.1264010	2	
37.5199597	126.9894814	1	
37.5190899	126.9897354	2	
37.5294770	127.0079375	1	
37.5511202	127.0350658	1	
37.5511599	127.0353436	2	
36.8705414	127.1444100	1	
36.8702115	127.1437845	2	
36.8095314	127.1453561	2	
36.8092286	127.1473119	1	
37.5800133	127.0476153	2	
37.5948722	127.0752763	1	
37.5946391	127.0753931	4	
37.5951201	127.0764205	2	
37.5948833	127.0764952	3	
37.6000480	127.0914063	2	
37.5992274	127.0927303	1	
37.6047706	127.1944211	1	
37.6043641	127.1942009	2	
37.6067047	127.1075927	1	
37.6063532	127.1076534	2	
37.6034822	127.1434162	1	
37.6030789	127.1435423	2	
37.6032020	127.1429786	3	
37.5871808	127.2090281	1	
37.5864108	127.2091181	2	
37.5867603	127.2084652	3	
37.5798170	127.2229616	1	
37.5794167	127.2228518	2	
37.5468189	127.2435818	1	
37.5547991	127.3103630	1	
37.5460805	127.3292331	2	
37.5458027	127.3288890	1	
37.5259764	127.3722100	1	
37.5158091	127.3996264	1	
37.5136215	127.4430123	1	
37.4931455	127.4922606	2	
37.4683543	127.5471140	1	
37.4825778	127.5941020	1	
37.4828262	127.5946204	2	
37.4816674	127.5944900	3	
36.8013416	127.1355046	2	
36.8012518	127.1362427	1	
36.7935770	127.1214458	1	
36.7938065	127.1211831	2	
36.7918328	127.1046121	2	
36.7922953	127.1045033	1	
36.7779282	127.0530861	2	
36.7775914	127.0532267	1	
36.7807450	127.0034090	1	
36.7802634	127.0033158	2	
36.7697315	126.9502793	2	
36.7695253	126.9499011	1	
37.1961102	127.0522925	1	
37.1961431	127.0519134	2	
37.2660151	127.0158221	6	
37.2657067	127.0151753	5	
37.2658963	127.0160569	7	
37.2654932	127.0163240	8	
37.2652740	127.0162526	1	
37.2650865	127.0156425	2	
37.2654868	127.0150883	4	
37.2651354	127.0154199	3	
37.2620790	127.0293289	5	
37.2530157	127.0401560	3	
37.2531959	127.0405735	4	
37.2522380	127.0402095	2	
37.2519887	127.0415641	5	
37.2517542	127.0411673	1	
37.2520177	127.0714585	8	
37.2519067	127.0707209	7	
37.2516569	127.0705197	6	
37.2511796	127.0707350	5	
37.2516820	127.0719039	1	
37.2511711	127.0719287	2	
37.2509491	127.0717251	3	
37.2509222	127.0711609	4	
37.2604559	127.0795241	6	6번 출구
37.2596877	127.0788346	5	5번 출구
37.2594447	127.0793032	2	2번 출구
37.2601807	127.0800179	1	1번 출구
37.2588989	127.0781084	4	4번 출구
37.2586134	127.0785916	3	3번 출구
37.2618405	127.1083479	3	
37.2618773	127.1092620	4	
37.2616173	127.1083284	2	
37.2616736	127.1092713	1	
37.2746506	127.1156670	5	
37.2746753	127.1161929	4	
37.2752676	127.1162304	3	
37.2760240	127.1169922	8	
37.2763125	127.1164052	2	
37.2762119	127.1153254	6	
37.2765779	127.1156780	7	
37.2765762	127.1161317	1	
37.4959794	126.8708840	1	
37.4948720	126.8587926	2	
37.4943681	126.8586723	1	
37.4945813	126.8438509	3	
37.4938845	126.8442249	2	
37.4940087	126.8448104	1	
37.4854670	126.8117172	2	
37.4850194	126.8119796	1	
37.4829185	126.7952537	3	
37.4825623	126.7952653	2	
37.4824878	126.7958599	1	
37.4843267	126.7823249	3	
37.4842240	126.7829380	4	
37.4841556	126.7835358	5	
37.4837913	126.7824666	2	
37.4836746	126.7836310	1	
37.4869990	126.7642657	2	
37.4864835	126.7641200	1	
37.4878632	126.7532117	2	
37.4873827	126.7531834	1	
37.4887162	126.7401343	2	
37.4883267	126.7401531	1	
37.4889647	126.7254501	1	
37.4890818	126.7234545	2	
37.4900884	126.7228752	3	
37.4835657	126.7079286	1	
37.4837674	126.7073909	2	
37.4838286	126.7076005	3	
37.4710155	126.7026137	2	
37.4709183	126.7031393	1	
37.4644408	126.6940073	1	
37.4650771	126.6940657	2	
37.4647035	126.6808759	1	
37.4647578	126.6803227	2	
37.4653517	126.6802715	3	
37.4652742	126.6811050	4	
37.4659291	126.6685034	1	
37.4659903	126.6678903	2	
37.4663314	126.6679349	3	
37.4662801	126.6686359	4	
37.4666372	126.6571690	1	
37.4671506	126.6563868	2	
37.4690207	126.6423893	3	
37.4688648	126.6420434	2	
37.4687366	126.6420533	1	
37.4755789	126.6316476	2	
37.4757193	126.6314919	3	
37.4750677	126.6325572	1	
37.4760929	126.6322103	4	
37.4762020	126.6171945	1	
37.3393558	127.1087252	4	
37.3394945	127.1085526	5	
37.3398269	127.1083825	6	
37.3399686	127.1093921	2	
37.3395257	127.1091685	3	
37.3405883	127.1093837	1	
37.3406218	127.1087293	7	
37.2867333	127.1109238	1	
37.2864903	127.1105855	4	
37.2855897	127.1115876	3	
37.2993696	127.1059436	1	
37.2984156	127.1054923	3	
37.2985741	127.1059436	2	
37.3121558	127.1080082	3	
37.3121664	127.1086156	2	
37.3138603	127.1081493	4	
37.3137831	127.1085735	1	
37.3247653	127.1072079	3	
37.3249375	127.1076446	2	
37.3254340	127.1073859	1	
37.3999816	126.6294028	2	
37.3494390	127.1085991	5	
37.3498124	127.1082055	6	
37.3501993	127.1095499	2	
37.3505193	127.1091442	1	
37.3505183	127.1086683	8	
37.3498385	127.1095547	3	
37.3495208	127.1091457	4	
37.3501760	127.1082156	7	
37.4002595	126.6305930	5	
37.3933971	126.6349712	3	
37.3930540	126.6341023	1	
37.3864236	126.6370277	3	
37.3851953	126.6390317	1	
37.3782155	126.6460301	4	
37.3784931	126.6455916	3	
37.3783085	126.6449825	2	
37.3823601	126.6560680	4	
37.3818917	126.6562126	3	
37.3819784	126.6571970	2	
37.3662159	127.1084146	1	
37.3660485	127.1084119	2	
37.3681909	127.1078861	5	
37.3785893	127.1147165	1	
37.3787340	127.1145497	4	
37.3781708	127.1137481	3	
37.3780088	127.1139359	2	
37.3845520	127.1231171	3	
37.3842727	127.1241015	2	
37.3847544	127.1228757	4	
37.3852038	127.1235288	5	
37.3849995	127.1237233	1	
37.3944274	127.1287953	3	
37.3947939	127.1277251	7	
37.3950646	127.1279638	8	
37.3973472	127.1281685	9	
37.3974895	127.1287712	1	
37.3971464	127.1286558	2	
37.4119588	127.1283796	4	
37.4120439	127.1289777	1	
37.4113985	127.1291574	2	
37.4113047	127.1282320	3	
37.4334282	127.1295168	12	
37.4400859	127.1273773	6	
37.4401817	127.1279620	1	
37.4399517	127.1281229	2	
37.4396949	127.1280886	3	
37.4393450	127.1280852	4	
37.4390913	127.1275007	5	
37.4483175	127.1263517	4	
37.4491345	127.1263548	5	
37.4495735	127.1268578	1	
37.4484912	127.1269556	2	
37.4476522	127.1270172	3	
37.3988419	126.6734597	4	
37.3986736	126.6738780	1	
37.3982727	126.6728050	3	
37.3980423	126.6731831	2	
37.4049645	126.6807440	2	
37.4118354	126.6870572	3	
37.4116252	126.6873876	2	
37.4130159	126.6882912	6	
37.4127528	126.6886327	1	
37.4130027	126.6864480	4	
37.4132634	126.6867262	5	
37.4183850	126.6940039	4	
37.4180758	126.6944410	1	
37.4178069	126.6934026	3	
37.4176148	126.6939473	2	
37.4267978	126.6986862	3	
37.4272645	126.6987261	4	
37.4272674	126.6992337	1	
37.4267787	126.6992025	2	
37.4421251	126.6995092	6	
37.4421821	126.6999160	1	
37.4416222	126.6998272	4	
37.4417483	126.6994606	5	
37.4420727	126.7002242	2	
37.4417223	126.7001775	3	
37.4503148	126.7005184	10	
37.4505750	126.7010226	11	
37.4505369	126.7013609	1	
37.4502010	126.7015975	2	
37.4498120	126.7009094	8	
37.4499848	126.7004888	9	
37.4498774	126.7015653	3	
37.4495095	126.7011676	4	
37.4485468	126.7010379	5	
37.4465991	126.7004686	6	
37.4570564	126.7008743	8	
37.4568012	126.7009131	7	
37.4562410	126.7018717	6	
37.4562261	126.7021346	5	
37.4568840	126.7028615	3	
37.4566604	126.7029285	4	
37.4573631	126.7022928	2	
37.4587603	126.7024961	1	
37.4587193	126.7019924	9	
37.4674646	126.7082333	1	
37.4668814	126.7087879	2	
37.4666662	126.7086477	3	
37.4666185	126.7081547	4	
37.4659313	126.7078650	5	
37.4668802	126.7075416	6	
37.4671541	126.7071041	7	
37.4674124	126.7071053	8	
37.4772183	126.7099033	3	
37.4771602	126.7102204	2	
37.4779200	126.7101492	4	
37.4779168	126.7104724	1	
37.4857070	126.7187162	4	
37.4854450	126.7181535	3	
37.4851479	126.7184046	2	
37.4854780	126.7189577	1	
37.4911416	126.7234601	6	
37.4911150	126.7237848	7	
37.4906884	126.7228525	5	
37.4901220	126.7243581	8	
37.4989401	126.7223778	1	
37.4989815	126.7220112	4	
37.4977378	126.7221910	3	
37.4978564	126.7225343	2	
37.5170212	126.7217301	1	
37.5170438	126.7213642	4	
37.5158797	126.7216052	2	
37.5159232	126.7212362	3	
37.5309830	126.7228060	1	
37.5308253	126.7231618	2	
37.5309574	126.7222561	8	
37.5308383	126.7219852	7	
37.5298514	126.7220147	6	
37.5296642	126.7223339	5	
37.5298577	126.7231254	3	
37.5295759	126.7227318	4	
37.5378877	126.7224096	5	
37.5378990	126.7227978	2	
37.5372623	126.7224205	4	
37.5372639	126.7227857	3	
37.5390773	126.7224299	6	
37.5390512	126.7228128	1	
37.5431462	126.7281170	2	
37.5661130	126.7425924	1	
37.4295467	126.6545168	1	
37.4916955	127.0730226	4	
37.4918998	127.0728200	3	
37.4916987	127.0722653	2	
37.4913934	127.0723885	1	
37.4910999	127.0726911	8	
37.4908060	127.0728592	7	
37.4912221	127.0730881	5	
37.4909752	127.0732182	6	
37.4893529	127.0656359	2	
37.4891195	127.0655121	1	
37.4889175	127.0657877	8	
37.4886600	127.0660562	7	
37.4893640	127.0664391	4	
37.4894660	127.0661613	3	
37.4890602	127.0664415	5	
37.4888379	127.0663808	6	
37.4181115	126.6790892	2	
37.4175254	126.6785433	1	
37.4078460	126.6956432	2	
37.4072175	126.6952006	1	
37.4017690	126.7081648	1	
37.4019774	126.7083151	2	
37.4008492	126.7220511	3	
37.4009515	126.7226627	4	
37.4008074	126.7334828	1	
37.4011061	126.7336891	2	
37.3914724	126.7426818	1	
37.3797048	126.7456477	1	
37.3799260	126.7458077	2	
37.4866275	127.0594482	2	
37.4868072	127.0602374	3	
37.4866368	127.0603962	4	
37.4863236	127.0590559	1	
37.4860939	127.0593711	5	
37.5105604	127.0445508	2	
37.5102159	127.0432705	1	
37.5103880	127.0446222	3	
37.5100430	127.0434159	4	
37.5264951	127.0404337	4	
37.5266062	127.0401021	5	
37.5277797	127.0403459	6	
37.5274744	127.0414081	3	
37.5280094	127.0404210	7	
37.5277244	127.0414886	2	
37.5281243	127.0409360	1	
37.5445595	127.0446107	4	
37.5441431	127.0450543	1	
37.5429990	127.0447881	2	
37.5429175	127.0443258	3	
37.6126363	127.1029984	1	
37.6124511	127.1035331	4	
37.6134479	127.1036053	2	
37.6131561	127.1036564	3	
37.4473278	126.4530643	1	
37.4469700	126.4524619	3	
37.4468198	126.4531811	2	
37.4588236	126.4770813	1	
37.4592302	126.4778270	2	
37.4929956	126.4934160	1	
37.5549885	126.6256487	1	
37.5552182	126.6259323	2	
37.5688969	126.6736591	1	
37.6337855	127.1148249	1	
37.6338599	127.1145588	2	
37.6422402	127.1271101	2	
37.6485401	127.1438196	2	
37.6480997	127.1440476	1	
37.6516010	127.1769922	1	
37.6372405	127.2081980	1	
37.6529248	127.2446432	2	
37.6534572	127.2446292	1	
37.3948444	127.1103588	4	
37.3953516	127.1114934	1	
37.3945674	127.1118099	2	
37.3941604	127.1109435	3	
37.4489498	127.0542905	1	
37.4476886	127.0549909	2	
37.4703697	127.0385337	1	
37.4704629	127.0391033	2	
37.4696901	127.0394466	3	
37.4692750	127.0390121	4	
37.4694559	127.0385910	5	
37.6592069	127.2855398	1	
37.6590930	127.2857623	2	
37.6530935	127.3117505	2	
37.6523022	127.3117458	1	
37.6839668	127.3791087	1	
37.6836376	127.3790891	2	
37.8849793	127.7160473	2	
37.8639622	127.7236355	1	
37.8638250	127.7238979	3	
37.8637754	127.7239885	2	
37.8180716	127.7145644	1	
37.8059712	127.6341724	1	
37.8304528	127.5885950	1	
37.8141189	127.5111587	1	
37.8320818	127.5571200	1	
37.8317124	127.5572176	2	
37.2392791	127.1785110	1	
37.2704962	127.1258944	1	
37.2701474	127.1263761	2	
37.2696721	127.1359412	1	
37.2699071	127.1367136	2	
37.2694062	127.1365896	4	
37.2695173	127.1370999	3	
37.2751611	127.1437038	1	
37.2747884	127.1436587	3	
37.2749337	127.1440558	2	
37.2692775	127.1529034	1	
37.2691154	127.1529860	2	
37.2688946	127.1526739	3	
37.2609330	127.1597104	1	
37.2606112	127.1594293	2	
37.2424713	127.1680431	1	
37.2421144	127.1684573	2	
37.2418319	127.1680463	3	
37.2382628	127.1901214	1	
37.2380490	127.1907052	2	
37.2374727	127.1983383	1	
37.2374114	127.1990014	2	
37.2380286	127.2087477	1	
37.2380477	127.2092535	2	
37.2447255	127.2144171	1	
37.2589310	127.2170831	1	
37.2587364	127.2186224	2	
37.2673684	127.2137586	1	
37.2668797	127.2137166	2	
37.2850920	127.2196638	1	
37.2853335	127.2192435	2	
37.2858110	127.2204087	4	
37.2861361	127.2199580	3	
37.7337894	127.0888091	1	
37.7372415	127.0874214	2	
37.7371885	127.0871693	1	
37.7428736	127.0849750	1	
37.7427049	127.0853859	2	
37.7506934	127.0841068	2	
37.7538054	127.0769606	1	
37.7505455	127.0710432	1	
37.7507515	127.0715392	2	
37.7488435	127.0640253	1	
37.7454912	127.0559662	2	
37.7449735	127.0566654	1	
37.7437735	127.0491840	2	
37.7435531	127.0492091	1	
37.7433887	127.0372072	2	
37.7431146	127.0367487	1	
37.7388728	127.0350212	1	
37.7388622	127.0347425	2	
37.7372479	127.0431437	1	
37.7286663	127.0435571	2	
37.7287947	127.0438206	1	
37.7273011	127.0529465	1	
37.7269185	127.0531252	2	
37.5173836	126.8951038	5	
37.5171523	126.8944174	1	
37.5170814	126.8948118	7	
37.5171327	126.8950583	6	
37.5190315	126.8947594	3	
37.5186943	126.8948180	2	
37.5187236	126.8951014	4	
37.5044210	126.9756451	9	
37.5476560	127.0464046	1	
37.5474725	127.0463171	8	
37.5546083	127.0437197	3	
37.5559684	127.0439148	2	
37.5259879	126.8639657	8	
37.5138205	127.1011786	8	
37.5041111	127.0239758	9	
37.5016470	126.9864979	1	
37.5016455	126.9866797	2	
37.5014719	126.9870217	3	
37.5483370	127.0153286	4	
37.5480447	127.0154904	3	
37.5486829	127.0161706	1	
37.5482351	127.0163411	2	
37.5289458	126.9650969	1	
37.5298576	126.9650031	2	
37.5317477	126.9636583	3	
37.6123825	126.8337604	2	
37.7702480	127.4540604	1	
37.5550038	126.9363090	7	
37.5703456	126.9844474	7	
37.5700753	126.9843537	9	
37.5703439	126.9847337	8	
37.5700713	126.9846457	10	
37.5700508	126.9858470	12	
37.5703302	126.9858402	11	
35.8369529	128.5573324	엘리베이터	
35.8600568	128.6249230	1	
37.5138423	127.0600180	7	
37.5670879	126.9772711		
37.5713027	126.9769417	9	
37.4840712	126.7843585		
35.2670687	129.0172256	6	
35.2119308	129.0122229	6	
35.2117479	129.0122756	5	
35.2122908	129.0144214	1	
35.2124421	129.0143470	2	
35.2120943	129.0135714	3	
35.2122374	129.0134804	4	
35.1716573	128.9486214	1	
37.4188597	126.6779159	3	
37.4182675	126.6772704	4	
37.3235308	127.0945825	3	
37.3222754	127.0945543	2	
37.3229911	127.0952583	4	
37.3227671	127.0954582	1	
36.6193354	127.3271579	7	
35.8138389	128.5222029	1	
37.4488857	126.7007481	7	
37.5660760	126.9793633	2	
37.5661749	126.9792243	1	
37.5657553	126.9790805	3	
37.6825119	126.7695975	2	
37.6117449	126.9171480	4	
37.5595660	126.8257621	6	
37.5596140	126.8249566	7	
37.5601803	126.8245433	1	
37.6373161	126.9183176	4	
37.3992403	127.2527109		
37.3989487	127.2528638		
37.5134264	126.9415413	3-1	
37.6204470	126.7196139	1	
37.4864291	126.8383873	2	
37.5588929	126.8369507	9	
37.6015177	126.6563150	3	
37.5118781	127.0848720	5	
37.6018864	126.6572761	2	
37.6020794	126.6572085	1	
35.1795378	129.0762272	3	
35.1799502	129.0765848	5	
35.1804272	129.0769764	7	
35.1801192	129.0771132	8	
35.1798375	129.0768906	6	
35.1793547	129.0765052	4	
35.1792094	129.0759465	1	
35.1789902	129.0762227	2	
35.2069729	128.9969558	1	
35.2062929	128.9963178	3	
37.8920660	127.0555201	1	
37.8920395	127.0560748	4	
37.8930984	127.0556484	2	
37.8930828	127.0560600	3	
37.3213377	126.9456800	1	
37.3216634	126.9456709	1	
37.3211354	126.9459693	1	
37.6018879	127.0412250	1	
37.4604183	126.6387483	1	
37.5384701	126.9632329	5	
37.5280719	127.1366797	1	
37.5517752	127.1439708	2	
37.8848072	127.7172854	1	
35.8339945	128.7277004	2	
35.8338764	128.7285551	3	
35.8343170	128.7278614	1	
35.8342163	128.7286579	4	
37.6317377	127.0589610	4	
37.7255267	126.7665858	1	
35.2573138	129.0915483	6	
35.2567468	129.0915549	4	
35.2563314	129.0915613	2	
35.2563301	129.0912474	1	
35.2567456	129.0912405	3	
37.4957317	126.8678752	2	
37.5593717	126.9629922	1	
36.8328661	127.1490114	1	
35.2577296	129.0912271	7	
35.2573142	129.0912341	5	
35.2577293	129.0915414	8	
35.2659599	129.0924677	7	
35.2655505	129.0923816	5	
35.2649223	129.0922471	3	
35.2645129	129.0921610	1	
35.2644656	129.0924699	2	
35.2648751	129.0925560	4	
35.2655053	129.0926912	6	
35.2659147	129.0927773	8	
35.2649713	129.0922414	3	
35.2649285	129.0925805	4	
37.4478074	126.6502630	7	
37.4475977	126.6496632	1	
37.4483060	126.6494097	2	
37.4487299	126.6490718	3	
37.4490116	126.6500924	4	
37.4487264	126.6504634	5	
37.4482704	126.6505383	6	
37.4376507	126.4595727	1	
37.4370781	126.4595859	2	
37.4290634	126.4341868	1	
37.3377702	127.1030316	1	
37.3377382	127.1025929	2	
37.3385801	127.1025832	3	
37.4605082	126.6378307	2	
37.4614796	126.6377442	3	
37.4609802	126.6384120	4	
37.4677653	126.6252603	1	
37.4689116	126.6234858	2	
37.4691630	126.6236964	3	
37.4684621	126.6254730	4	
37.4683441	126.6256863	5	
37.4679207	126.6256234	6	
37.3094251	126.8530212	2	
35.1390021	126.9234332	6	
35.1394180	126.9232590	5	
35.1398661	126.9223324	3	
35.1400433	126.9225200	4	
35.1388888	126.9231549	1	
35.1389195	126.9228048	2	
35.1470110	126.9191749	3	
35.1472016	126.9196241	4	
35.1458101	126.9201859	1	
35.1458659	126.9203866	2	
35.1503924	126.9152364	4	
35.1502497	126.9150448	1	
35.1512001	126.9140194	3	
35.1510257	126.9138770	2	
35.1531293	126.8851987	1	
35.1538739	126.8846143	7	
35.1536265	126.8835255	5	
35.1534864	126.8829888	4	
35.1530466	126.8836479	2	
35.1529488	126.8828342	3	
35.8135946	128.5223396		
35.1018470	129.0363233	1	
35.1026628	129.0365865	2	
35.1026559	129.0363515	3	
35.1031657	129.0365490	4	
35.1028430	129.0362513	5	
35.1029965	129.0360350	7	
35.1031631	129.0362979	9	
35.1036986	129.0364944	6	
35.1048811	129.0364282	10	
35.1045800	129.0364476	8	
35.1048727	129.0362375	13	
35.1045750	129.0362419	11	
36.8088290	127.1472781	3	
36.7942206	127.1040089	3	
36.7942696	127.1039954	1	
36.7943916	127.1048632	2	
36.3916971	127.3146505	1	
36.3918368	127.3141743	2	
36.3920402	127.3140043	3	
37.4550628	126.7322978	2	
37.4551234	126.7314353	1	
37.4549018	126.7314006	4	
37.4548409	126.7322897	3	
37.5441276	126.6770312	1	
37.5435255	126.6770074	2	
37.5434457	126.6766629	3	
37.5441588	126.6766983	4	
37.4559811	126.8943656	1	
37.6126479	126.8457286	1	
37.6123245	126.8453146	2	
37.5973637	126.6671488	2	
37.5975848	126.6674726	1	
37.5980798	126.6665309	3	
37.5175240	126.6770662	1	
37.5175679	126.6766522	2	
37.4585350	126.6812119	1	
37.4582857	126.6810172	2	
37.6193388	126.8212216	1	
37.5933512	126.6734928	1	
37.5931520	126.6740405	2	
37.5925456	126.6738229	3	
37.5928565	126.6732783	4	
37.5854850	126.6760119	1	
37.5848537	126.6761964	2	
37.5855094	126.6755699	3	
37.5454895	127.1430379	4	
37.5078264	126.6765354	1	
37.5066427	126.6759810	8	
37.4998461	126.6760536	1	
37.4998565	126.6756571	2	
37.2647081	127.4421787	1	
37.2939369	127.5708226	1	
37.4085445	127.2034563	1	
37.4088814	127.2043882	2	
37.5071358	127.0329281	1	
37.5076299	127.0335770	2	
37.5078892	127.0337767	3	
37.5074997	127.0342306	4	
37.5073279	127.0343072	5	
37.5066073	127.0343743	6	
37.5068993	127.0339378	7	
37.4769577	127.6297174	1	
37.4578063	126.6923255	1	
37.4575582	126.6922829	2	
37.5141404	127.0593156	1	
37.5145233	127.0598372	2	
37.5147292	127.0602320	3	
37.5144844	127.0610880	4	
37.5142634	127.0611106	5	
37.5140306	127.0607708	6	
37.3155192	127.4049961	1	
37.3156524	127.4055274	2	
37.2979652	127.0695966	1	
37.2970484	127.0693435	2	
37.2970858	127.0689694	3	
37.2980273	127.0692385	4	
37.5786095	126.7983460	1	
37.5784405	126.7976778	2	
37.5594435	126.9426715	1	
37.5601361	126.9426465	2	
37.2879429	127.0520464	1	
37.2888724	127.0508031	2	
37.2891705	127.0511097	3	
37.2882440	127.0523056	4	
37.4741704	126.6814675	1	
37.4733628	126.6808319	2	
37.4560397	126.7188809	1	
37.4559654	126.7198445	2	
37.4557525	126.7198056	3	
37.4558166	126.7188410	4	
37.5617448	126.6777290	1	
37.5611550	126.6777199	2	
37.5611605	126.6773305	3	
37.5617652	126.6773412	4	
37.4838313	126.6844931	2	
37.4836126	126.6842899	3	
37.4841678	126.6835508	4	
37.2824514	127.6286265	1	
37.2824425	127.6282287	2	
37.5949838	126.6418332	1	
37.5951290	126.6423996	2	
37.3731295	127.2998900	1	
37.3734584	127.2992525	2	
37.7127722	126.7612503	1	
37.7132844	126.7614245	2	
37.7128510	126.7621087	3	
37.5948605	126.6283403	2	
37.5950480	126.6275858	1	
37.5056003	127.4736593	1	
37.3126546	127.0805699	3	
37.3129553	127.0807642	2	
37.3134863	127.0806471	1	
37.3136508	127.0802424	5	
37.5129343	127.0524496	1	
37.5133829	127.0529196	2	
37.5137154	127.0531484	3	
37.5132752	127.0539654	4	
37.5126086	127.0537651	5	
37.5126239	127.0533272	6	
37.4483762	126.7362446	1	
37.4483310	126.7373002	2	
37.4480373	126.7372924	3	
37.4480619	126.7362342	4	
37.6030247	127.0134340	1	
37.6027258	127.0133537	2	
37.6341039	127.0175765	1	
37.6340384	127.0173835	2	
37.6207930	127.0207257	1	
37.6215365	127.0203082	2	
37.6212219	127.0206477		
37.6124457	127.0078796	2	
37.6117859	127.0085433	1	
37.6122499	127.0082449		
37.6122038	127.0080812		
37.6029026	127.0131987		
37.5138738	127.0992344		
37.2999090	126.9710950	3	
37.3004624	126.9712355	4	
35.0966289	129.0248053	2	
35.0968433	129.0246403	1	
35.0971891	129.0265505	6	
35.0969915	129.0261207	4	
35.0974459	129.0264474	3	
35.0976096	129.0271202	5	
35.0977385	129.0276854	7	
35.0973746	129.0272221	8	
35.0975171	129.0278078	10	
35.0978879	129.0359284	8	
35.0983324	129.0361391	10	
35.0981518	129.0352134	5	
35.0976863	129.0354837	6	
35.0976750	129.0348683	4	
35.0977768	129.0339261	1	
35.0979021	129.0343773	3	
35.0974996	129.0332905	2	
37.5759942	127.0233734		
37.5759440	127.0229607		
37.5720338	127.0117450	2	
37.5724998	126.9773857	2	
37.5641197	127.1923126	3	
37.4898136	126.6750938	2	
37.4907972	126.6754524	1	
37.5518443	126.6773005	1	
37.5511551	126.6772733	2	
37.5511636	126.6769169	3	
37.5518557	126.6769322	4	
37.4486841	126.7536293	3	
37.4484339	126.7533770	1	
37.4487994	126.7530539	2	
37.4570099	126.7103303	1	
37.4568917	126.7111381	2	
37.4566063	126.7110870	3	
37.4566879	126.7102852	4	
37.4395815	126.7597926	1	
37.5244619	126.6742396	3	
37.5250224	126.6742787	4	
37.3502554	127.3464374	1	
37.3507083	127.3466478	2	
37.5113780	126.5251722	2	
37.5762045	127.0246060	2	
37.5764124	127.0253696	3	
35.1435935	126.8413198	5	
35.1434855	126.8409672	4	
35.1430890	126.8409221	3	
35.1435207	126.8417137	6	
35.1429200	126.8411962	2	
35.1432115	126.8417879	1	
35.1472681	126.8487856	5	
35.1470473	126.8483241	4	
35.1471138	126.8491031	6	
35.1466886	126.8481808	3	
35.1464174	126.8483239	2	
35.1468333	126.8491360	1	
35.1319539	126.7877182	4	
35.1316822	126.7880919	1	
35.1376113	126.7911401	4	
35.1377746	126.7914712	5	
35.1372670	126.7911965	3	
35.1371859	126.7915133	2	
35.1376442	126.7918027	1	
35.1313393	126.7874021	3	
37.3583988	126.9327483	3	
37.5757392	126.9722083	7	
37.5216157	126.9753188	3-1	
35.1939490	129.0801687		
35.1941452	129.0799917		
35.1560606	129.0430715	2	
35.1556987	129.0431780	1	
35.1555956	129.0425890	3	
35.1559561	129.0425132	4	
35.1571023	129.0504248	5	
35.1577577	129.0503090	6	
35.1572861	129.0491428	8	
35.1569140	129.0492760	7	
35.1579008	129.0509317	4	
35.1571092	129.0510698	3	
37.5804525	127.0469427	1	
37.4852244	126.9005246	3	
37.4850525	126.9009290	2	
37.4857102	126.9013566	5	
37.4858491	126.9010199	4	
37.4812387	126.8823271	10	
37.5091528	126.8905575	5	
37.5095136	126.8912547	6	
37.5085291	126.8912615	4	
37.5564412	126.9716427	1	
37.4764191	126.6176233	3	
37.4771330	126.6174909	2	
37.5238985	126.8961056	6	
35.1559468	129.0424333		
37.7504397	127.0830826	1	
37.6253757	127.0732808	2	
35.1312867	126.7877975	2	
35.1537263	126.8839722	6	
37.5623945	126.8524155	10	
35.1057379	128.9680494	10	
35.1057045	128.9683430	12	
35.1060608	128.9675352	8	
35.1064096	128.9676335	7	
35.1063966	128.9665113	5	
35.1063960	128.9660234	3	
35.1060656	128.9665374	6	
35.1060602	128.9661481	4	
35.1063831	128.9646656	1	
35.1060299	128.9646675	2	
35.1060818	128.9686969	11	
35.1064979	128.9684620	9	
37.4656866	126.6790893	6	
37.4648219	126.6794791	5	
37.4691581	126.7971711	1	
37.4693313	126.7965666	4	
37.4684172	126.7975173	2	
37.4682208	126.7971928	3	
37.3701247	126.8095186	1	
37.3696088	126.8089675	2	
37.3705218	126.8075852	4	
37.3701358	126.8076786	3	
37.3822849	126.8058133	1	
37.3817281	126.8060009	2	
37.3823271	126.8054664	3	
37.3491697	126.8089176	1	
37.4091604	126.7878261	1	
37.4091947	126.7880325	2	
37.4843925	126.6837480	1	
37.3574889	126.9335200	4	
37.5797721	127.0486072	3	
35.8568050	128.4658897	3	
35.8576551	128.4655177	1	
35.8573734	128.4651783	2	
35.8571415	128.4661756	4	
37.5763866	126.9724088	2	
37.5759692	126.9731471	4	
37.4355783	127.0060059	4	
37.5684028	126.6759113	2	
37.5685895	126.6761272	3	
35.2033975	128.9999002	3	
35.2032763	129.0001162	4	
35.2022308	128.9992242	2	
35.2023634	128.9990398	1	
35.1960611	128.9945877	4	
35.1971351	128.9949923	1	
35.1970071	128.9952387	2	
35.1975754	128.9953121	3	
35.1903240	128.9888377	3	
35.1902501	128.9890379	4	
35.1886968	128.9883854	2	
35.1887882	128.9880775	1	
37.5177063	127.1132863	1	
37.3671338	127.1083609	6	
37.7352580	127.4268855	2	
37.7358649	127.4264251	1	
37.3943850	127.1279680	4	
37.3947302	127.1269058	6	
37.3945725	127.1269058	5	
37.6890363	127.0458574	1	
35.1810463	128.9856773	3	
35.1810438	128.9859931	4	
35.1797280	128.9856126	2	
35.1797458	128.9853475	1	
37.5626631	126.9033633	6	
37.5015360	127.1280894	4	
37.6629858	127.0125264	2	
37.6633694	127.0126894	1	
37.6560958	127.0131165	2	
37.6558857	127.0133917	1	
37.6495756	127.0134866	2	
37.6497072	127.0137334	1	
37.6410146	127.0167509	2	
37.6416979	127.0169266	1	
37.6264355	127.0181617	2	
37.6267573	127.0182649	1	
37.6203078	127.0138675	2	
37.6201760	127.0128979	1	
37.3020912	126.7864213	2	
37.3019629	126.7866749	1	
37.3132764	126.7956564	4	
37.3131038	126.7949321	3	
37.3128211	126.7950328	2	
37.3130439	126.7959273	1	
37.3205377	126.8090969	4	
37.3209259	126.8085605	3	
37.3206486	126.8080831	2	
37.3191682	126.8080991	5	
37.3345713	126.8092743	5	
37.3342250	126.8092359	4	
37.3341450	126.8105864	3	
37.3347466	126.8107605	2	
37.3350722	126.8104182	1	
37.4385366	126.7863725	4	
37.4390882	126.7868108	3	
37.4397102	126.7875431	2	
37.4399538	126.7872944	1	
37.4496190	126.7927609	2	
37.4507070	126.7933279	1	
37.4835276	126.7944467	6	
37.4834701	126.7950005	7	
37.5173453	127.0410959	3-1	
37.4909126	127.0559686	3	
37.4927726	127.1177777	2-1	
37.4951723	127.0650358	4	
37.5669125	126.8274915	2	
37.5657219	126.8280119	3	
37.5649268	126.8279046	4	
37.5649735	126.8273896	5	
37.5659855	126.8274540	6	
37.5110918	127.0775002	9	
37.5147938	127.1043063	9	
37.5386566	126.9625360	4	
37.5289310	127.1488118	3	
37.5298719	127.1487864	2	
37.5278816	127.1476240	1	
37.5191057	127.1383856	2	
37.5196824	127.1387892	1	
37.5160723	127.1159623	4	
37.5158759	127.1165964	3	
37.5166755	127.1164457	2	
37.5163632	127.1150821	1	
37.5102141	127.1118888	1	
37.5099992	127.1123944	4	
37.5103801	127.1126050	3	
37.5106099	127.1121208	2	
37.5022382	127.0967907	4	
37.5022255	127.0971581	3	
37.5026425	127.0972064	2	
37.5026510	127.0968121	1	
37.5043282	127.0873373	4	
37.5039762	127.0885397	3	
37.5042596	127.0886969	2	
37.5045843	127.0875975	1	
37.6702805	126.7604575	4	
37.6705665	126.7606750	5	
37.6656007	126.7479514	1	
37.6651418	126.7474754	5	
37.6647130	126.7484376	3	
37.6652283	126.7489378	2	
37.6653734	126.7487518		
37.6647447	126.7474925	4	
37.6438455	126.6696359	5	
37.6443933	126.6685480	3	
37.6437492	126.6688845	6	
37.6436869	126.6685800	1	
35.1570099	129.1127609	6	
35.1568744	129.1130348	5	
35.1575112	129.1129362	4	
35.1575001	129.1131536	3	
35.1585689	129.1134583	1	
35.1586206	129.1131840	2	
35.1713999	129.1361574	1	
37.3021950	127.0452371	2	
37.3014610	127.0446311	1	
37.5139378	126.9424807	1	
37.3131137	127.0795508	4	
37.4963837	127.0706153	1	
36.6199345	127.3288092	3	
36.6192531	127.3276780	6	
36.6207639	127.3280893	1	
37.5700996	127.0099368	1	
37.5694930	127.0096697	4	
37.5700501	127.0094003	2	
37.5694933	127.0097987	3	
37.3898449	126.9496707	8	
37.3896468	126.9494107	7	
37.7256225	127.0466030	2	
37.6519560	126.7771662	3	
37.6516720	126.7773179	2	
37.6883613	127.0463757	3	
37.5518523	127.2044029	2	
37.5521942	127.2042301	1	
37.5563713	127.1653742	7	
37.5568237	127.1657862	2	
37.5568047	127.1678826	6	
37.5570223	127.1676152	3	
37.2673816	127.0013613	11	
37.2675726	127.0009214	12	
37.2652370	127.0006543	13	
37.5110100	127.1023688	2-2	
37.5108118	127.1016706	2-3	
37.6123847	126.7320859	2	
37.6126922	126.7323356	1	
37.5667547	127.0163474	11-1	
37.5120482	127.0779039	11	아시아공원지하보도 (종합운동장역 연결)
37.5119567	127.0776370	10	아시아공원지하보도 (종합운동장역 연결)
37.5120950	127.0787649	13	아시아공원지하보도 (종합운동장역 연결)
37.5121620	127.0785396	12	아시아공원지하보도 (종합운동장역 연결)
37.5116105	127.0788101	14	아시아공원지하보도 (종합운동장역 연결)
37.5114705	127.0786697	15	아시아공원지하보도 (종합운동장역 연결)
37.5113735	127.0782308	16	아시아공원지하보도 (종합운동장역 연결)
36.9911666	127.0859350	1	
37.5631741	127.1925191	1	
37.5633572	127.1932344	5	
37.5637635	127.1928071	4	
37.5636824	127.1924790	2	
37.5628614	127.1926246	10	
37.5630414	127.1933677	6	
37.5624579	127.1929712	9	
37.5625321	127.1933360	7	
37.5621991	127.1934192	8	
37.5511192	127.0352882		
37.4444388	126.4548498	4	
37.4446455	126.4552209	1	
37.4437263	126.4554382	3	
37.4439765	126.4557627	2	
37.5026461	126.8807399	3	
37.2493117	126.9799661	3	
37.2496296	126.9808983	2	
37.2502766	126.9800101	3	
37.4005513	126.9221567	5	
37.4021612	126.9228215	3	
37.5516050	127.2042713	3	
37.5514174	127.2036605	4	
37.5515456	127.2033253	5	
37.5522622	127.2030880	7	
37.5520716	127.2028881	6	
37.5523978	127.2039018	8	
37.3209443	126.9487434	3	
35.2134141	129.0233907	4	
35.2132469	129.0240513	3	
35.2132343	129.0233376	5	
35.2135293	129.0248590	2	
37.5590874	126.8270131	5	
37.5594253	126.8275930	4	
37.5598816	126.8277322	3	
37.7227201	127.0469383	4	
37.7228493	127.0473807	5	
37.6904222	127.0463509	1-1	
37.5147265	126.9413717	9	
37.5161226	126.9068740	3	
37.4948462	126.8450010	4	
37.4821757	126.7949726	5	
37.4821234	126.7953615	4	
37.4878170	126.7538584	3	
37.4660271	126.8892142	3	
37.3213448	126.9459683	1	
37.2848049	126.9895414	3	
37.2845810	126.9895847	4	
37.2850662	126.9887366	6	
37.2850461	126.9886572	5	
37.0750293	127.0543963	3	
37.1872312	127.0436540	2	
37.5661053	126.9811291	1-1	
37.5644566	127.0299065	1-1	
37.5469023	127.0489713	4	
37.5466738	127.0486982	5	
36.6216899	127.3265951	8	
37.5340082	126.9013100	12	
37.5342622	126.9015266	13	
37.5336403	126.9014379	11	
37.5338039	126.9024633	7	
37.5333563	126.9019942	10	
37.5327045	126.9038328	9	
37.5329494	126.9040145	8	
37.5741930	126.9584959	3-1	
37.5760187	126.9727733	3-1	
37.4848572	127.0159645	5	
37.6710368	127.0797260	5	
37.4361741	127.0060972	5	
37.3100087	126.8539020	1	
37.3026497	126.8659409	3	
37.3030688	126.8659447	4	
37.5587172	126.8386855	4	
37.5543782	127.0198135	5	
37.5544567	127.0202958	4	
37.5358764	127.1328632	2-1	
37.5164324	127.1307843	4	
37.5083225	127.1260511	2	
37.5804926	127.0887306	4	
37.4761060	126.8686243	1	
37.5379181	126.8935377	8	
37.5381065	126.8936638	1	
37.5070589	127.0334187	8	
37.5127735	127.0527672	7	
37.3992769	127.2527571	1	
37.3989292	127.2528550	2	
37.2596487	127.4906130	1	
37.5512185	127.0351633	1	
37.6002933	127.0919828	3	
37.4928144	127.4912026	1	
37.4928464	127.4924740	2	
37.7665018	126.7748228	2	
37.8887152	126.7469304	1	
37.6588984	127.2852187	3	
37.4923899	126.4946203	2	
37.5124179	126.5239975	1	
37.5113070	126.5251720	2	
37.6416830	126.6145933	1	
37.6418094	126.6151757	2	
37.6456494	126.6294323	2	
37.6455118	126.6297431	3	
37.6453482	126.6281895	1	
37.6451613	126.6278585	4	
37.6442785	126.6684538	2	
37.6445416	126.6693157	4	
37.6407098	126.6430747	1	
37.6403427	126.6431607	2	
37.6408518	126.6437583	4	
37.6405171	126.6440148	3	
37.6539775	126.6834289	1	
37.6540300	126.6841194	2	
37.6536508	126.6833964	4	
37.6537108	126.6842370	3	
37.6319671	126.7061791	1	
37.6314164	126.7052056	2	
37.6202961	126.7199572	2	
37.6196770	126.7193649	3	
37.6018914	126.7701282	1	
37.6012065	126.7701499	2	
37.2751636	127.1166086	9	
37.2522388	127.0402202	2	
37.3797622	126.7457232	1	
37.3800545	126.7457551	2	
37.4002571	126.7222112	2	
37.4004248	126.7227823	1	
37.4066832	126.6258288	1	
37.4071714	126.6255227	2	
37.4073687	126.6260568	3	
37.4069213	126.6263411	4	
37.3934391	126.6334905	2	
37.3998964	126.6299913	1	
37.3868987	126.6398836	4	
37.4675560	126.7077089	9	
37.5531264	126.7443084	2	
37.5531868	126.7445057	3	
37.5544981	126.7452222	4	
37.5545088	126.7454719	1	
37.4400742	126.7856591	5	
37.4403149	126.7863201	6	
37.4510962	126.7923696	3	
37.4512767	126.7937875	현재 공사중	
37.2377541	127.2086588	3	
37.7454896	127.0560345	2	
35.8161282	128.5300311	1	
35.8159252	128.5302544	2	
35.8160770	128.5305837	3	
35.8163166	128.5304687	4	
35.8139497	128.5228369	4	
35.8137063	128.5229474	3	
35.8136146	128.5224095	2	
35.8043007	128.5000847	1	
35.8038439	128.4997453	2	
35.8045677	128.5006563	4	
35.8043085	128.5007252	3	
35.7989547	128.4889008	1	
35.7990858	128.4890932	8	
35.7985573	128.4888100	2	
35.7983313	128.4890518	3	
35.7983187	128.4895231	4	
35.7987051	128.4900987	5	
35.7992239	128.4904460	6	
35.7994222	128.4902223	7	
35.8095001	128.5123486	1	
35.8092097	128.5123372	2	
35.8096511	128.5126900	4	
35.8094327	128.5128304	3	
35.8191789	128.5373769	1	
35.8190146	128.5374528	2	
35.8186640	128.5379360	4	
35.8186744	128.5383540	5	
35.8189082	128.5384147	6	
35.8191604	128.5379671	7	
35.8193259	128.5376493	8	
35.8237679	128.5451401	1	
35.8238812	128.5452416	8	
35.8235165	128.5451299	2	
35.8233355	128.5454074	3	
35.8233769	128.5457296	4	
35.8235328	128.5458436	5	
35.8238243	128.5458093	6	
35.8239648	128.5455488	7	
35.8371141	128.5569782	2	
35.8371338	128.5573348	3	
35.8373289	128.5568854	1	
35.8305568	128.5511791	1	
35.8305267	128.5514719	2	
35.8314009	128.5518855	4	
35.8312787	128.5521247	3	
35.8393450	128.5739841	1	
35.8390708	128.5738405	2	
35.8393060	128.5745953	4	
35.8390251	128.5745841	3	
35.8394136	128.5650357	1	
35.8394291	128.5654281	4	
35.8391468	128.5655180	3	
35.8391323	128.5650447	2	
35.8444263	128.5883617	1	
35.8442434	128.5887073	2	
35.8406628	128.5806059	1	
35.8409167	128.5811111	4	
35.8406685	128.5812738	3	
35.8404203	128.5807762	2	
35.8511454	128.5904261	4	
35.8507154	128.5903855	1	
35.8511414	128.5907130	3	
35.8507118	128.5906751	2	
35.8446340	128.5888070	3	
35.8566256	128.5904880	4	
35.8567388	128.5904447	3	
35.8572408	128.5905165	2	
35.8573209	128.5905963	1	
35.8575095	128.5907650	7	
35.8574243	128.5910659	6	
35.8571655	128.5910708	5	
35.8637239	128.5930880	1	
35.8637101	128.5934617	2	
35.8648011	128.5932055	23	
35.8647772	128.5935652	3	
35.8650558	128.5938158	4	
35.8651291	128.5942877	5	
35.8650503	128.5947616	6	
35.8649922	128.5950756	7	
35.8649264	128.5954297	8	
35.8648231	128.5959718	9	
35.8651352	128.5961558	10	
35.8652901	128.5954484	11	
35.8655291	128.5940825	12	
35.8658900	128.5937667	13	
35.8659976	128.5929815	14	
35.8659856	128.5922388	16	
35.8661256	128.5922376	15	
35.8659979	128.5915965	17	
35.8661355	128.5909933	18	
35.8657443	128.5908334	19	
35.8656325	128.5915461	20	
35.8654292	128.5926536	21	
35.8653183	128.5928726	22	
35.8698861	128.5936925	1	
35.8700047	128.5939258	2	
35.8718717	128.5940604	4	
35.8719184	128.5942830	3	
35.8761566	128.5968787	2	
35.8764414	128.5970990	1	
35.8764069	128.5974819	4	
35.8762807	128.5975040	3	
35.8763507	128.6043221	1	
35.8759622	128.6044586	2	
35.8760187	128.6059847	4	
35.8757630	128.6059051	3	
35.8775222	128.6271428	1	
35.8748844	128.6173116	1	
35.8749390	128.6175312	8	
35.8746114	128.6171537	2	
35.8744449	128.6172474	3	
35.8742080	128.6176680	4	
35.8742920	128.6179119	5	
35.8748302	128.6179382	7	
35.8746196	128.6180121	6	
35.8871296	128.6394070	1	
35.8771094	128.6275455	2	
35.8779841	128.6275811	3	
35.8842344	128.6319311	1	
35.8845622	128.6322072	4	
35.8844463	128.6324367	3	
35.8841247	128.6321435	2	
35.8859626	128.6500184	2	
35.8858625	128.6502642	3	
35.8862717	128.6504175	1	
35.8861342	128.6506074	4	
35.8869795	128.6397416	2	
35.8873505	128.6400387	4	
35.8871310	128.6401559	3	
35.8836650	128.6595682	4	
35.8834257	128.6595101	3	
35.8834773	128.6590436	2	
35.8837177	128.6590572	1	
35.8798720	128.6696998	1	
35.8796325	128.6695786	2	
35.8795073	128.6700678	3	
35.8797350	128.6701869	4	
35.8764534	128.6812096	1	
35.8762197	128.6810539	2	
35.8760608	128.6816018	3	
35.8763187	128.6816497	4	
35.8703339	128.6924049	1	
35.8696810	128.6920594	2	
35.8691547	128.6924022	3	
35.8693712	128.6929174	4	
35.8697719	128.6929620	5	
35.8668110	128.7021461	1	
35.8665061	128.7021157	2	
35.8664567	128.7026498	3	
35.8667572	128.7026847	4	
35.8660774	128.7133312	1	
35.8658214	128.7131923	2	
35.8658179	128.7138945	3	
35.8660722	128.7138811	4	
35.8694497	128.7242054	1	
35.8678721	128.7242482	2	
35.8680053	128.7246965	3	
35.8682501	128.7246129	4	
35.8713199	128.7333916	1	
35.8712463	128.7330979	2	
35.8711190	128.7337921	3	
35.8712544	128.7343311	4	
35.8714964	128.7342112	5	
35.8638888	128.4372418	1	
35.8639780	128.4373253	2	
35.8653562	128.4580500	1	
35.8652304	128.4578168	2	
35.8647603	128.4582359	3	
35.8648989	128.4584758	4	
35.8532870	128.4776035	1	
35.8527876	128.4778290	2	
35.8525558	128.4782675	3	
35.8527861	128.4785770	4	
35.8527379	128.4796587	5	
35.8531708	128.4796776	6	
35.8517690	128.4910871	1	
35.8512513	128.4909315	2	
35.8510291	128.4915799	3	
35.8510141	128.4923862	4	
35.8516351	128.4930855	5	
35.8518564	128.4924213	6	
35.8519583	128.4917075	7	
35.8519410	128.5067124	1	
35.8515367	128.5068183	2	
35.8512399	128.5071219	3	
35.8512068	128.5074919	4	
35.8514281	128.5078619	5	
35.8518748	128.5076004	6	
35.8521313	128.5074447	7	
35.8522657	128.5070390	8	
35.8508380	128.5152128	1	
35.8504487	128.5154900	2	
35.8503598	128.5160809	3	
35.8507106	128.5162363	4	
35.8508639	128.5159526	5	
35.8509260	128.5155642	6	
35.8492049	128.5281994	1	
35.8486947	128.5283200	2	
35.8484433	128.5288584	3	
35.8488234	128.5292288	4	
35.8493360	128.5291407	5	
35.8499014	128.5284765	6	
35.8507430	128.5375578	1	
35.8497873	128.5375758	2	
35.8502618	128.5382073	3	
35.8506376	128.5380730	4	
35.8543050	128.5476150	1	
35.8539508	128.5477773	2	
35.8542241	128.5484910	3	
35.8545813	128.5483070	4	
35.8565881	128.5535601	6	
35.8566801	128.5537883	5	
35.8568695	128.5542766	4	
35.8569710	128.5545645	3	
35.8564057	128.5541781	7	
35.8565157	128.5544815	8	
35.8568353	128.5554245	9	
35.8573562	128.5555876	2	
35.8575057	128.5559513	1	
35.8570353	128.5559330	10	
35.8572162	128.5564491	11	
35.8573952	128.5568643	12	
35.8573798	128.5570980	13	
35.8573108	128.5574180	14	
35.8579621	128.5567973	20	
35.8581728	128.5569169	19	
35.8574719	128.5581193	15	
35.8577257	128.5582069	16	
35.8583590	128.5578445	17	
35.8584547	128.5576139	18	
35.8623535	128.5724199	1	
35.8619836	128.5725422	2	
35.8621340	128.5731497	3	
35.8624984	128.5729971	4	
35.8602028	128.5642390	1	
35.8598261	128.5644860	2	
35.8600470	128.5651952	3	
35.8603983	128.5650194	4	
35.8599519	128.6138479	1	
35.8595644	128.6137901	2	
35.8595436	128.6144061	3	
35.8599489	128.6144176	4	
35.8649321	128.5819991	1	
35.8645003	128.5818543	2	
35.8641710	128.5825575	6	
35.8641673	128.5822667	3	
35.8637372	128.5822602	4	
35.8638405	128.5826088	5	
35.8643837	128.5825881	7	
35.8647745	128.5827908	8	
35.8651815	128.5827563	9	
35.8634480	128.6022543	1	
35.8630899	128.6021441	2	
35.8628857	128.6030596	3	
35.8632931	128.6030869	4	
35.8589774	128.6245050	2	
35.8594696	128.6250807	4	
35.8587808	128.6249842	3	
35.8587898	128.6256481	5	
35.8592864	128.6268257	11	
35.8585643	128.6272985	6	
35.8587027	128.6277888	7	
35.8591039	128.6280283	10	
35.8590563	128.6286723	9	
35.8590337	128.6291474	8	
35.8551572	128.6537700	1	
35.8547725	128.6535092	2	
35.8545152	128.6540580	3	
35.8548699	128.6543100	4	
35.8590598	128.6446093	1	
35.8586222	128.6443919	2	
35.8586903	128.6453788	3	
35.8590645	128.6453522	4	
35.8590079	128.6354151	1	
35.8585774	128.6354037	2	
35.8586220	128.6358899	3	
35.8589858	128.6361846	4	
35.8468279	128.6715631	1	
35.8464792	128.6713678	2	
35.8462591	128.6718379	3	
35.8465761	128.6720389	4	
35.8429485	128.6800118	1	
35.8424930	128.6792803	2	
35.8419999	128.6794494	3	
35.8418583	128.6799851	4	
35.8421839	128.6805258	5	
35.8410904	128.7046589	1	
35.8407293	128.7045250	2	
35.8404789	128.7046754	3	
35.8404284	128.7049576	4	
35.8404855	128.7054801	5	
35.8411448	128.7052864	6	
35.8411693	128.7049528	7	
35.8431321	128.6929439	1	
35.8427567	128.6929655	2	
35.8427336	128.6937006	3	
35.8431175	128.6936035	4	
35.8372554	128.7151324	1	
35.8368522	128.7151749	2	
35.8366910	128.7158504	3	
35.8370495	128.7159687	4	
35.8342880	128.7406099	1	
35.8339260	128.7406236	2	
35.8336956	128.7409249	3	
35.8337256	128.7412370	4	
35.8339348	128.7415700	5	
35.8343093	128.7414436	6	
35.8345580	128.7411613	7	
35.8345024	128.7408581	8	
35.8363415	128.7525690	1	
35.8359033	128.7525253	2	
35.8359008	128.7534911	3	
35.8363645	128.7535681	4	
35.8366290	128.7532996	5	
35.9584675	128.5600334	1	
35.9584840	128.5597608	2	
35.9578953	128.5597246	3	
35.9578741	128.5600044	4	
35.9520022	128.5594115	1	
35.9520129	128.5591400	2	
35.9515096	128.5590863	3	
35.9514952	128.5593511	4	
35.9445568	128.5582856	2	
35.9445179	128.5586285	1	
35.9440558	128.5581954	3	
35.9440262	128.5585360	4	
35.9374367	128.5563974	1	
35.9130199	128.5432331	1	
35.9254800	128.5500806	1	
35.9193351	128.5474277	1	
35.9317029	128.5545898	1	
35.8975524	128.5471034	1	
35.9040163	128.5456366	1	
35.8899135	128.5615304	1	
35.8896088	128.5613437	2	
35.8919826	128.5535008	1	
35.8887899	128.5679877	1	
35.8697638	128.5824525	1	
35.8697490	128.5821650	2	
35.8694152	128.5821957	3	
35.8694286	128.5824618	4	
35.8877957	128.5744566	1	
35.8567897	128.5834839	1	
35.8565602	128.5833518	2	
35.8839161	128.5816912	1	
35.8839834	128.5814090	2	
35.8836204	128.5812907	3	
35.8835547	128.5815471	4	
35.8758890	128.5821480	1	
35.8758877	128.5819542	2	
35.8753202	128.5820174	3	
35.8755047	128.5821751	4	
35.8544087	128.6159878	1	
35.8541858	128.6159919	2	
35.8541668	128.6165555	3	
35.8543825	128.6165202	4	
35.8523665	128.6252587	1	
35.8555370	128.5992053	1	
35.8553118	128.5991972	2	
35.8552710	128.5998056	3	
35.8554883	128.5998050	4	
35.8456949	128.6245604	1	
35.8550991	128.6058126	1	
35.8548776	128.6058027	2	
35.8548599	128.6064258	3	
35.8551166	128.6064618	4	
35.8210254	128.6398227	1	
35.8209347	128.6397158	2	
35.8206589	128.6401101	3	
35.8207745	128.6402070	4	
35.8395290	128.6239830	1	
35.8317743	128.6233662	1	
35.8253790	128.6314313	1	
35.8184556	128.6465082	1	
35.8180615	128.6465807	2	
35.8181388	128.6471127	3	
35.8184957	128.6470108	4	
36.3292054	127.4428310	1	
36.3290999	127.4423362	2	
36.3292439	127.4422746	3	
36.3294865	127.4425732	4	
36.3297626	127.4427814	5	
36.3299665	127.4431934	6	
36.3299056	127.4434085	7	
36.3294358	127.4432299	8	
36.3312450	127.4327405	2	
36.3308707	127.4330153	1	
36.3316346	127.4326503	3	
36.3320032	127.4334484	4	
36.3286167	127.4263023	1	
36.3283391	127.4261967	2	
36.3282721	127.4260129	3	
36.3283227	127.4253243	4	
36.3284171	127.4256118	5	
36.3286533	127.4254964	6	
36.3289267	127.4255000	7	
36.3290072	127.4256304	8	
36.3288580	127.4261881	9	
36.3219744	127.4127428	1	
36.3220504	127.4121889	2	
36.3224483	127.4118936	3	
36.3227542	127.4119178	4	
36.3228646	127.4122412	5	
36.3226721	127.4126123	6	
36.3223196	127.4129590	7	
36.3221422	127.4131413	8	
36.3282309	127.4051704	1	
36.3282101	127.4047652	2	
36.3284566	127.4044338	3	
36.3286968	127.4045179	4	
36.3289222	127.4049144	5	
36.3288328	127.4051802	6	
36.3286234	127.4056299	7	
36.3284175	127.4055400	8	
36.3379050	127.3934691	1	
36.3378158	127.3929491	2	
36.3380231	127.3927151	3	
36.3384480	127.3927986	4	
36.3385925	127.3930123	5	
36.3386803	127.3935583	6	
36.3385318	127.3938214	7	
36.3380987	127.3936652	8	
36.3453010	127.3845118	1	
36.3457810	127.3845208	2	
36.3457839	127.3847980	3	
36.3457828	127.3851449	4	
36.3452850	127.3851366	5	
36.3507960	127.3864983	1	
36.3510960	127.3861032	2	
36.3513650	127.3862695	3	
36.3516435	127.3865755	4	
36.3516435	127.3869432	5	
36.3513642	127.3872946	6	
36.3511883	127.3872888	7	
36.3509282	127.3869114	8	
36.3563774	127.3314862	1	
36.3560808	127.3312811	2	
36.3565383	127.3309360	3	
36.3573293	127.3728304	1	
36.3573261	127.3722494	2	
36.3579952	127.3722023	3	
36.3579727	127.3729842	4	
36.3533414	127.3419471	1	
36.3532031	127.3415734	2	
36.3534789	127.3412124	3	
36.3537357	127.3410657	4	
36.3540022	127.3411642	5	
36.3541893	127.3414836	6	
36.3539690	127.3418663	7	
36.3537247	127.3420312	8	
36.3571977	127.3815637	1	
36.3571977	127.3807898	2	
36.3579733	127.3807627	3	
36.3579705	127.3816540	4	
36.3580480	127.3645220	1	
36.3581765	127.3636472	2	
36.3585695	127.3640974	3	
36.3584666	127.3646916	4	
36.3544766	127.3547410	1	
36.3541532	127.3542518	2	
36.3547184	127.3544043	3	
36.3592854	127.3216313	1	
36.3592829	127.3210845	2	
36.3595706	127.3212048	3	
36.3595754	127.3217976	4	
36.3663160	127.3175981	1	
36.3666061	127.3171793	2	
36.3671705	127.3172658	3	
36.3673750	127.3175753	4	
36.3673740	127.3181255	5	
36.3671549	127.3184653	6	
36.3663762	127.3183417	7	
35.1068603	126.9339320	1	
36.3838437	127.3193127	1	
36.3838502	127.3196628	2	
36.3738154	127.3176219	1	
36.3742559	127.3176281	2	
36.3742730	127.3181371	3	
36.3738454	127.3181288	4	
35.1324029	126.9284625	1	
35.1225589	126.9324840	1	
35.1242663	126.9319467	2	
35.1243712	126.9322469	3	
35.1222394	126.9329987	4	
35.1332613	126.9279794	2	
35.1333103	126.9282844	3	
35.1324728	126.9287520	4	
35.1467459	126.9199487	5	
35.1461242	126.9202689	6	
35.1534797	126.9102048	1	
35.1537330	126.9098276	2	
35.1540242	126.9090803	3	
35.1544817	126.9090959	4	
35.1538849	126.9099747	5	
35.1536356	126.9103656	6	
35.1546098	126.9018551	1	
35.1542705	126.9014211	2	
35.1544261	126.9012867	3	
35.1547499	126.9016999	4	
35.1516907	126.8957992	1	
35.1516165	126.8954937	2	
35.1519099	126.8952328	3	
35.1521154	126.8957076	4	
35.1518831	126.8771455	1	
35.1517968	126.8764028	2	
35.1520958	126.8764270	3	
35.1521430	126.8769376	4	
35.1514837	126.8699567	1	
35.1514541	126.8692733	2	
35.1517400	126.8692582	3	
35.1517740	126.8699457	4	
35.1503612	126.8589476	1	
35.1502798	126.8584722	2	
35.1505977	126.8583676	3	
35.1506876	126.8588894	4	
35.1434929	126.7999515	1	
35.1434190	126.7991630	2	
35.1437088	126.7991309	3	
35.1437550	126.7997668	4	
35.1246855	126.7699545	1	
35.1246241	126.7693344	2	
35.1248680	126.7692968	3	
35.1438824	126.8120223	1	
35.1436267	126.8115322	2	
35.1437227	126.8111727	3	
35.1439622	126.8109932	4	
35.1443683	126.8111910	5	
35.1442118	126.8120993	6	
35.2840474	129.0948315	1	
35.2836232	129.0948612	2	
35.2842949	129.0951375	3	
35.2723770	129.0924579	1	
35.2724106	129.0927559	2	
35.2727676	129.0924401	3	
35.2727740	129.0927424	4	
35.2735487	129.0924336	5	
35.2735596	129.0927996	6	
35.2738924	129.0924412	7	
35.2739013	129.0927903	8	
35.2645807	129.0921427	1	
35.2645466	129.0924221	2	
35.2648484	129.0922071	3	
35.2648107	129.0925051	4	
35.2656318	129.0923817	5	
35.2656055	129.0926843	6	
35.2658955	129.0924418	7	
35.2658613	129.0927497	8	
35.2563347	129.0912305	1	
35.2563353	129.0915521	2	
35.2566891	129.0912305	3	
35.2566891	129.0915294	4	
35.2573283	129.0912350	5	
35.2573273	129.0915363	6	
35.2576178	129.0912305	7	
35.2576204	129.0915296	8	
35.2049925	129.0767783	5	
35.2048627	129.0767011	6	
35.2048257	129.0777455	7	
35.2044420	129.0776064	8	
35.1946740	129.0796960	1	
35.1947677	129.0802407	2	
35.1953492	129.0794349	3	
35.1950132	129.0804167	4	
35.1962433	129.0797651	5	
35.1961503	129.0803993	6	
35.1963483	129.0800918	8	
35.1938873	129.0802027	9	
35.1942270	129.0799782	10	
35.1931915	129.0789009	11	
35.1931850	129.0782066	12	
35.1852374	129.0808966	1	
35.1852798	129.0812668	2	
35.1857953	129.0811402	3	
35.1854664	129.0819314	4	
35.1863864	129.0810561	5	
35.1856269	129.0821880	6	
35.1858108	129.0822926	8	
35.1866278	129.0813201	7	
35.1860567	129.0823550	10	
35.1862442	129.0822837	12	
35.1867840	129.0816098	16	
35.1866608	129.0817672	14	
35.1861072	129.0808083	17	
35.1727622	129.0709071	1	
35.1726154	129.0712626	2	
35.1729137	129.0707582	3	
35.1728473	129.0714321	4	
35.1730806	129.0708899	5	
35.1732338	129.0717546	6	
35.1733821	129.0713691	7	
35.1734408	129.0718032	8	
35.1735669	129.0715402	9	
35.1622101	129.0622351	1	
35.1616962	129.0625430	2	
35.1622935	129.0625742	3	
35.1621794	129.0628735	4	
35.1629495	129.0631535	5	
35.1628504	129.0633981	6	
35.1633530	129.0634196	7	
35.1632539	129.0636814	8	
35.1568789	129.0590427	1	
35.1568633	129.0592599	2	
35.1572260	129.0587149	3	
35.1572272	129.0594531	4	
35.1573258	129.0585913	5	
35.1574139	129.0596966	6	
35.1572942	129.0579108	7	
35.1577705	129.0601594	8	
35.1580683	129.0578949	9	
35.1580608	129.0585951	11	
35.1583033	129.0591656	13	
35.1579461	129.0598309	10	
35.1588237	129.0601971	12	
35.1589254	129.0599892	15	
35.1465944	129.0591424	1	
35.1466047	129.0593948	2	
35.1468525	129.0589243	3	
35.1468594	129.0594999	4	
35.1477279	129.0589691	5	
35.1476815	129.0595311	6	
35.1480227	129.0591141	7	
35.1480240	129.0593327	8	
35.1396484	129.0592867	1	
35.1396512	129.0594838	2	
35.1400560	129.0592828	3	
35.1400594	129.0594777	4	
35.1408140	129.0592014	5	
35.1408221	129.0595043	6	
35.1411467	129.0591153	7	
35.1411497	129.0594982	8	
35.1416284	129.0591905	9	
35.1416441	129.0596184	10	
35.1418978	129.0595053	12	
35.1272341	129.0468156	1	
35.1268438	129.0473434	2	
35.1273846	129.0471913	3	
35.1271696	129.0475454	4	
35.1279918	129.0478903	5	
35.1278297	129.0481419	6	
35.1282227	129.0485545	8	
35.1284463	129.0483989	7	
35.1337735	129.0536524	1	
35.1335814	129.0538895	2	
35.1336191	129.0541330	4	
35.1341692	129.0540343	3	
35.1346404	129.0544796	5	
35.1344430	129.0547853	6	
35.1350098	129.0548454	7	
35.1348159	129.0551844	8	
35.1192203	129.0417272	1	
35.1190814	129.0420722	2	
35.1196596	129.0416680	3	
35.1194735	129.0422674	4	
35.1203949	129.0424159	5	
35.1203064	129.0427046	6	
35.1205580	129.0428273	8	
35.1215196	129.0430330	7	
35.1214280	129.0433019	10	
35.1219549	129.0432568	9	
35.1218531	129.0435256	12	
35.1139204	129.0388833	1	
35.1137001	129.0391949	2	
35.1141716	129.0389975	3	
35.1139938	129.0393181	4	
35.1150470	129.0393671	5	
35.1147648	129.0397587	6	
35.1148347	129.0400694	8	
35.1151235	129.0399160	10	
35.1152466	129.0394533	7	
35.1053647	129.0361766	15	
35.1055784	129.0364169	12	
35.1057825	129.0363954	14	
35.1057733	129.0361444	17	
35.0986370	129.0354924	7	
35.1016349	129.0199981	1	
35.1018891	129.0197441	2	
35.1012928	129.0199869	3	
35.1004214	129.0196158	4	
35.1000178	129.0195992	6	
35.1000135	129.0199263	5	
35.0996046	129.0199265	7	
35.0996244	129.0195739	8	
35.0993230	129.0199188	9	
35.0993178	129.0196156	10	
35.1112330	129.0174428	1	
35.1113708	129.0170351	2	
35.1106941	129.0173956	4	
35.1107942	129.0176788	3	
35.1104001	129.0178805	5	
35.1103079	129.0176070	6	
35.1097805	129.0178698	8	
35.1098744	129.0181488	7	
35.1033251	129.0000850	1	
35.1030370	129.0001718	2	
35.1035109	129.0004882	3	
35.1031873	129.0006509	4	
35.1109578	129.0117161	1	
35.1105488	129.0122418	2	
35.1112816	129.0122471	3	
35.1108919	129.0126811	4	
35.0998271	128.9918895	1	
35.0995700	128.9919927	1	
35.1001173	128.9928623	3	
35.0999015	128.9930559	4	
35.1002901	128.9934100	5	
35.1000371	128.9935195	10	
35.0998030	128.9931932	6	
35.0998576	128.9934375	8	
35.1000851	128.9823720	1	
35.0998404	128.9823107	2	
35.0997715	128.9839281	3	
35.0994500	128.9838426	6	
35.0995742	128.9833029	4	
35.1038939	128.9730573	1	
35.1036198	128.9729341	2	
35.1037488	128.9735216	3	
35.1034841	128.9733921	4	
35.1033220	128.9747556	5	
35.1031274	128.9746700	6	
35.0944191	128.9604147	1	
35.0949834	128.9612243	2	
35.0951374	128.9604005	3	
35.0952052	128.9603689	5	
35.0952750	128.9603993	7	
35.0959711	128.9603534	9	
35.0954288	128.9617273	6	
35.0950396	128.9618934	4	
35.0895927	128.9742370	1	
35.0898791	128.9742516	2	
35.0894401	128.9731090	3	
35.0894425	128.9728763	5	
35.0899328	128.9727966	6	
35.0901780	128.9731060	4	
35.0745941	128.9766250	1	
35.0743545	128.9769049	2	
35.0754116	128.9767773	3	
35.0753818	128.9770594	4	
35.0809925	128.9772971	1	
35.0811747	128.9776663	2	
35.0821519	128.9770291	3	
35.0819197	128.9776542	4	
35.0825958	128.9772681	5	
35.0827442	128.9776246	6	
35.0642995	128.9793709	1	
35.0643430	128.9797365	2	
35.0645566	128.9799262	4	
35.0657910	128.9796091	3	
35.0656805	128.9800870	6	
35.0570341	128.9709735	1	
35.0568786	128.9711447	2	
35.0582310	128.9713784	3	
35.0580934	128.9716663	4	
35.0484656	128.9653723	1	
35.0481753	128.9652794	2	
35.0483609	128.9657776	3	
35.0479182	128.9661275	4	
35.3382146	129.0262314	1	
35.3386090	129.0266062	2	
35.3384710	129.0269968	4	
35.3391929	129.0269867	3	
35.3254904	129.0188114	1	
35.3261358	129.0192758	3	
35.3252613	129.0195565	2	
35.3167168	129.0134094	1	
35.3171724	129.0130149	3	
35.3172293	129.0136734	5	
35.3083842	129.0099964	1	
35.2817170	129.0172188	2	
35.2813888	129.0170276	3	
35.2585706	129.0125361	2	
35.2579488	129.0127219	1	
35.2461232	129.0127360	1	
35.2461279	129.0130212	2	
35.2466759	129.0127641	3	
35.2466749	129.0130397	4	
35.2352412	129.0136963	1	
35.2352322	129.0139669	2	
35.2357279	129.0137348	3	
35.2357185	129.0139929	4	
35.2364352	129.0137660	5	
35.2364273	129.0140244	6	
35.1974720	128.9955786	4	
35.1729005	128.9835586	1	
35.1728479	128.9838086	2	
35.1742519	128.9840253	3	
35.1742089	128.9842903	4	
35.1555514	128.9911286	1	
35.1556416	128.9912294	2	
35.1558017	128.9908052	3	
35.1561105	128.9908390	4	
35.1617787	128.9846268	1	
35.1617609	128.9857190	2	
35.1624358	128.9841420	3	
35.1624076	128.9850861	4	
35.1636499	128.9837337	5	
35.1637438	128.9840744	6	
35.1624075	128.9859413	2	
35.1621420	128.9859769	1	
35.1503739	129.0038909	1	
35.1507015	129.0038519	2	
35.1506670	129.0034230	4	
35.1503246	129.0034651	3	
35.1502596	129.0027440	5	
35.1506235	129.0026947	6	
35.1505970	129.0023515	8	
35.1502255	129.0023917	7	
35.1511359	129.0131137	1	
35.1514908	129.0130803	2	
35.1510029	129.0115041	3	
35.1513534	129.0114480	4	
35.1509726	129.0111698	5	
35.1513273	129.0111214	6	
35.1530338	129.0213180	1	
35.1534100	129.0213014	2	
35.1529398	129.0206981	3	
35.1527494	129.0202727	5	
35.1528924	129.0198382	7	
35.1534398	129.0203146	4	
35.1539658	129.0332848	1	
35.1543518	129.0331861	2	
35.1536811	129.0324667	3	
35.1543860	129.0325306	4	
35.1535740	129.0320149	5	
35.1536681	129.0316442	7	
35.1540518	129.0314523	8	
35.1545175	129.0317806	6	
35.1578016	129.0511150	2	
35.1572999	129.0512094	1	
35.1518231	129.0651749	1	
35.1518367	129.0656368	2	
35.1524762	129.0651736	3	
35.1524793	129.0656342	4	
35.1532690	129.0651647	5	
35.1532711	129.0656291	6	
35.1543643	129.0651545	7	
35.1541640	129.0656214	8	
35.1381913	129.0674532	1	
35.1382864	129.0679302	2	
35.1395397	129.0669005	3	
35.1397972	129.0673774	4	
35.1455393	129.0664434	1	
35.1446852	129.0670037	2	
35.1460999	129.0664601	3	
35.1469291	129.0669568	4	
35.1349969	129.0750976	1	
35.1351898	129.0753827	2	
35.1358859	129.0739807	4	
35.1358389	129.0736494	3	
35.1346388	129.0847286	1	
35.1347912	129.0847247	2	
35.1346116	129.0841230	3	
35.1347664	129.0841263	4	
35.1350798	129.0930401	1	
35.1352554	129.0930365	2	
35.1350443	129.0922461	3	
35.1352251	129.0922416	4	
35.1349964	129.0915650	5	
35.1351963	129.0915605	6	
35.1426271	129.1086206	1	
35.1427296	129.1084914	2	
35.1411186	129.1070544	3	
35.1412301	129.1069338	4	
35.1379060	129.1013782	1	
35.1380585	129.1012456	2	
35.1373566	129.1003528	3	
35.1375189	129.1001314	4	
35.1370378	129.0996578	5	
35.1372719	129.0995823	6	
35.1505996	129.1113714	1	
35.1506444	129.1110982	2	
35.1500527	129.1112114	3	
35.1500846	129.1109485	4	
35.1489170	129.1108926	5	
35.1489521	129.1106422	6	
35.1664665	129.1226628	1	
35.1665740	129.1227877	2	
35.1674111	129.1214100	3	
35.1675727	129.1215796	4	
35.1677513	129.1153957	1	
35.1676943	129.1159053	3	
35.1675213	129.1159901	5	
35.1671578	129.1156477	7	
35.1669025	129.1152315	9	
35.1669607	129.1149091	6	
35.1674721	129.1146740	4	
35.1677222	129.1148397	2	
35.1661288	129.1150185	11	
35.1661625	129.1147665	8	
35.1654556	129.1148760	13	
35.1655527	129.1146344	10	
35.1637034	129.1142401	14	
35.1636713	129.1145506	17	
35.1642383	129.1143394	12	
35.1641995	129.1146472	15	
35.1689502	129.1327487	1	
35.1695672	129.1325612	2	
35.1688461	129.1325760	3	
35.1696155	129.1322245	4	
35.1695013	129.1320045	6	
35.1691609	129.1317854	8	
35.1689009	129.1321910	5	
35.1685905	129.1315396	7	
35.1684127	129.1315264	9	
35.1682938	129.1314259	11	
35.1687527	129.1310455	10	
35.1685304	129.1306283	12	
35.1681772	129.1308415	13	
35.1716620	129.1360342	2	
35.1717211	129.1359268	3	
35.1719439	129.1355136	4	
35.1683746	129.1397423	2	
35.1681657	129.1394842	1	
35.1679728	129.1392654	3	
35.1682669	129.1385247	5	
35.1686327	129.1384502	7	
35.1688184	129.1382971	9	
35.1690510	129.1383348	11	
35.1692875	129.1385000	8	
35.1691991	129.1388360	6	
35.1687832	129.1393864	4	
35.1612032	129.1479411	1	
35.1615123	129.1481024	2	
35.1619043	129.1473869	4	
35.1616778	129.1470358	3	
35.1665981	129.1695668	1	
35.1667977	129.1695587	2	
35.1665736	129.1686857	3	
35.1669786	129.1685255	4	
35.1662892	129.1683723	5	
35.1670778	129.1683008	6	
35.1671380	129.1677568	8	
35.1670532	129.1675245	10	
35.1668216	129.1674610	12	
35.1663958	129.1675212	9	
35.1662425	129.1680691	7	
35.1637155	129.1592698	1	
35.1638386	129.1589558	2	
35.1635355	129.1584317	4	
35.1632818	129.1584614	7	
35.1632921	129.1588972	5	
35.1634500	129.1591651	3	
35.1703427	129.1781750	1	
35.1705296	129.1780741	2	
35.1706309	129.1773770	4	
35.1698424	129.1779268	3	
35.1698954	129.1772122	5	
35.1700887	129.1770907	6	
35.1698330	129.1765046	8	
35.1696361	129.1766207	7	
35.1698382	129.1756766	10	
35.1697253	129.1754365	12	
35.1691019	129.1762397	9	
35.1688550	129.1759956	11	
35.1689869	129.1756086	13	
35.1692553	129.1754555	14	
35.2111882	128.9826886	1	
35.2113425	128.9816543	2	
35.2110936	128.9819730	3	
35.2111926	128.9810556	5	
35.2132062	128.9610666	1	
35.2134427	128.9611822	2	
35.2128777	128.9608074	1	
35.2132271	128.9608504	2	
35.2122741	128.9702451	1	
35.2126294	128.9692779	2	
35.2123058	128.9694872	3	
35.2130688	129.0248653	1	
35.2120866	129.0364567	1	
35.2125491	129.0362916	3	
35.2131740	129.0368426	2	
35.2133038	129.0361891	4	
35.2047279	129.0673661	1	
35.2046196	129.0676156	2	
35.2051398	129.0679618	4	
35.2052360	129.0677124	3	
35.2057827	129.0683908	6	
35.2058651	129.0681805	5	
35.2064477	129.0685496	7	
35.2067571	129.0694654	8	
35.2075947	129.0690174	9	
35.2073575	129.0698757	10	
35.2078577	129.0703918	12	
35.2083047	129.0702040	14	
35.2085204	129.0695281	13	
35.2083985	129.0689423	11	
35.1979868	129.0652308	1	
35.1980519	129.0655388	2	
35.1992203	129.0648187	3	
35.1992928	129.0651390	4	
35.1906893	129.0680852	3	
35.1907616	129.0684974	1	
35.1911800	129.0686633	2	
35.1917906	129.0676221	4	
35.1913364	129.0672173	11	
35.1910692	129.0667711	9	
35.1905132	129.0669681	7	
35.1902906	129.0674894	5	
35.1880044	129.0746761	1	
35.1884860	129.0749293	2	
35.1889572	129.0748468	4	
35.1892302	129.0746078	6	
35.1890018	129.0741320	8	
35.1894954	129.0746768	9	
35.1897473	129.0742817	10	
35.1879826	129.0737221	3	
35.1880494	129.0730666	5	
35.1884563	129.0730076	7	
35.1762369	129.0858002	1	
35.1762548	129.0860689	2	
35.1773992	129.0855807	4	
35.1773633	129.0853179	3	
35.1732943	129.0963724	1	
35.1734455	129.0963690	2	
35.1733813	129.0957994	3	
35.1734972	129.0947452	5	
35.1736392	129.0947648	6	
35.1735098	129.0958155	4	
35.1710384	129.1095625	1	
35.1713264	129.1096554	2	
35.1713277	129.1086843	3	
35.1715221	129.1087829	4	
35.1714961	129.1079733	5	
35.1716777	129.1080376	6	
35.1716496	129.1073357	7	
35.1718375	129.1074051	8	
35.2375927	129.1717859	1	
35.2377910	129.1722243	3	
35.2372869	129.1719898	2	
35.2374793	129.1724174	4	
35.2358778	129.1604788	4	
35.2359563	129.1599263	1	
35.2357816	129.1599135	2	
35.2360456	129.1604431	3	
35.2255175	129.1459663	1	
35.2255520	129.1463579	2	
35.2258462	129.1460358	3	
35.2327356	129.1540261	3	
35.2325333	129.1542605	4	
35.2323176	129.1538872	2	
35.2325431	129.1537045	1	
35.2181387	129.1372569	1	
35.2180189	129.1370604	2	
35.2178809	129.1235500	1	
35.2177691	129.1244666	2	
35.2158091	129.1148715	1	
35.2156160	129.1150835	2	
35.2160582	129.1155761	3	
35.2158076	129.1156763	4	
35.2049628	129.1014394	1	
35.2048778	129.1016733	2	
35.2054498	129.1017436	3	
35.2053556	129.1019989	4	
35.2129431	129.1072562	1	
35.2128344	129.1074102	2	
35.2133625	129.1076575	3	
35.2132630	129.1078168	4	
35.1994038	129.0972833	1	
35.1993714	129.0974998	2	
35.2000253	129.0976261	3	
35.1999434	129.0978940	4	
35.2004080	129.0904429	1	
35.2002403	129.0903221	2	
35.2002180	129.0910330	3	
35.2000370	129.0909587	4	
35.2020959	129.0833025	1	
35.2022228	129.0835162	3	
35.2018241	129.0834045	2	
35.2014117	129.0838501	4	
35.2012935	129.0841467	6	
35.2017804	129.0842324	7	
35.2015232	129.0843350	8	
35.2021213	129.0839153	5	
35.2665589	128.8649009	1	
35.2666586	128.8651117	2	
35.2493983	128.8691032	1	
35.2493543	128.8696262	2	
35.2597270	128.8668483	1	
35.2597108	128.8673748	2	
35.2397367	128.8714035	1	
35.2398083	128.8719394	2	
35.2269957	128.8740515	1	
35.2269276	128.8742945	2	
35.2270087	128.8748966	3	
35.2325115	128.8717988	1	
35.2325819	128.8722062	2	
35.2278151	128.9020202	1	
35.2282874	128.9019551	1	
35.2265969	128.8837806	1	
35.2262027	128.8838334	2	
35.2268955	128.8901517	1	
35.2272029	128.8900956	2	
35.2140479	128.9502971	1	
35.2288031	128.9156748	1	
35.2291009	128.9155972	2	
35.2220049	128.9276015	1	
35.2222854	128.9280758	2	
35.2276092	128.9234632	1	
35.2277841	128.9237932	2	
35.2175435	128.9380901	1	
35.2178700	128.9382452	2	
35.1634323	128.9772213	1	
35.1818006	128.9541501	1	
35.1813001	128.9540333	2	
35.1957169	128.9633147	1	
35.1957274	128.9636935	2	
35.1815197	129.0689849	1	
35.1810410	129.0691511	2	
35.1805708	129.0689290	3	
35.1664395	128.9547863	1	
35.1665052	128.9549798	2	
35.1652223	129.0604724	2	
35.1639548	129.0607863	1	
35.1883924	129.1202618	1	
35.1883749	129.1198069	2	
35.1974376	129.0913028	1	
35.1969973	129.0911983	2	
35.1973775	129.0906208	3	
35.1965283	129.2089075	1	
35.1967458	129.2086260	2	
35.2670930	129.2331447	1	
35.2671792	129.2327009	2	
35.1958703	129.1008745	1	
35.1961533	129.1008822	2	
35.1961053	129.0999333	3	
35.1940734	129.1136280	1	
35.1938878	129.1148107	2	
35.1815721	129.1773679	1	
35.1814748	129.1767811	2	
35.1815478	129.1764802	3	
35.1818633	129.1769519	4	
35.1874785	129.2025211	1	
35.1872463	129.2022919	2	
35.1800892	129.1245236	1	
35.1797122	129.1238347	2	
35.1800682	129.1240282	3	
35.2434885	129.2185967	1	
35.2434722	129.2190328	2	
37.2433594	126.9642544	1	
37.2428614	126.9634648	2	
37.2429326	126.9629605	3	
37.2499501	126.9087582	1	
37.2616488	126.8838719	1	
37.2907902	126.8575325	1	
37.2909374	126.8568721	2	
37.7207998	127.2035509	1	
37.7203376	127.2034947	2	
37.7191337	127.2034972	3	
37.7191091	127.2031872	4	
37.7202472	127.2028170	5	
37.7205018	127.2027494	6	
37.5574416	127.1743486	1	
37.5569835	127.1744769	4	
37.5578220	127.1765397	2	
37.5574504	127.1767135	3	
37.5421485	127.2066008	1	
37.5422282	127.2068321	2	
37.5418802	127.2061287	6	
37.5413102	127.2066365	5	
37.5414242	127.2072038	4	
37.5416325	127.2074165	3	
37.5392327	127.2253214	3	
37.5090532	126.7034519	6	
37.5087689	126.7030435	5	
37.5085102	126.7030463	4	
37.5080659	126.7033381	3	
37.5081561	126.7036450	2	
37.5091587	126.7037415	7	
37.5084693	126.7039626	1	
37.5063724	126.6766977	2	
37.5064039	126.6754527	7	
37.5061635	126.6754707	4	
37.5058028	126.6764487	3	
37.5064927	126.6731611	2	
37.5062316	126.6731235	2	
37.7053361	127.1917592	1	
37.7050730	127.1911334	2	
37.7050106	127.1920217	3	
37.6682248	127.1160818	2	
37.6676178	127.1164842	3	
37.6675449	127.1162947	4	
37.6677835	127.1158076	1	
36.7884378	127.0850547	2	
36.7880529	127.0846219	1	
37.7285436	127.0950267		
37.4629720	127.1396406	5	
37.4633439	127.1390928	1	
35.3119703	129.2448215	1	
35.3278465	129.2767557	1	
35.3281876	129.2763920	2	
35.4182733	129.2827143	1	
35.4561760	129.2883882	1	
37.1973112	127.5359753	2	
37.1975972	127.5360294	1	
37.1266304	127.6357920	1	
37.1268088	127.6352200	2	
37.0569232	127.0533678	1	
37.5040442	127.0244486	8	
37.5030953	127.0254056	6	
37.5096200	127.0218024	4	
37.5098471	127.0221741	3	
37.4686187	126.9456019	1	
37.5127046	126.9254574	6	
37.4719507	126.9341270	2	
37.4722000	126.9338877	1	
37.4782861	126.9332832	2	
37.4783618	126.9330030	1	
37.4898901	126.9275257	2	
37.4899811	126.9278121	1	
37.4926905	126.9246197	2	
37.4931658	126.9237805	1	
37.4953567	126.9180256	2	
37.4953911	126.9182807	1	
37.5056706	126.9225018	2	
37.5059836	126.9228538	1	
37.7378454	127.0460102	8	
37.2065201	127.0328687	2	
35.8188041	128.5376665	3	
37.5706959	126.9993912	11	
37.5710450	127.0001068	13	
37.8801445	126.7698261	1	
37.5062757	126.7978707	6	
37.5063856	126.7973812	5	
37.5219251	126.8052388		
37.5244090	126.8051140	1	
37.5243424	126.8047223	4	
37.5230518	126.8047280	3	
37.5232374	126.8049909	2	
37.0572166	127.0525067	3	
37.3224704	127.0943470	3	
37.5400273	127.0710264	4	
37.7378809	127.0433944	2	
37.4870797	127.1011492	7	
37.4854685	127.1032335	5-2	
37.4857081	127.1035811	5-1	
37.2004195	127.0959486	1	
37.1996636	127.0959578	2	
37.3937392	127.1202399	1	
37.3946182	127.1213681	5	
37.3948976	127.1200142	4	
37.3948315	127.1194174	3	
37.3948055	127.1186903	2	
35.5387905	129.3531151	1	
37.2992777	127.1055270	4	
37.2698836	127.1264101	3	
37.5571365	127.1372042	3	
37.5569509	127.1372757	2	
37.5572371	127.1383360	1	
37.5875201	127.1385688	6	
37.5880574	127.1380239	4	
37.5880547	127.1378064	3	
37.5877445	127.1374787	2	
37.5874894	127.1375088	1	
37.5877581	127.1386031	5	
37.6024392	127.1418344	4	
37.6023626	127.1417162	5	
37.6022580	127.1412807	6	
37.6022960	127.1411151	7	
37.6106216	127.1387568	5	
37.6101452	127.1380174	1	
37.6113519	127.1374948	3	
37.6106685	127.1372730	2	
37.6113675	127.1381899	4	
37.6237364	127.1501184	1	
37.6235750	127.1492558	2	
37.6246224	127.1496754	3	
37.6251151	127.1497888	4	
37.6256085	127.1503285	6	
37.6260710	127.1500189	5	
37.6430818	127.1265154	4	
37.6423595	127.1271286	3	
37.6426139	127.1276479	5	
37.6417165	127.1281747	6	
37.6416006	127.1277031	7	
37.7395782	127.0473292	5-2	
36.0988453	128.3563161	2	
37.5869377	127.0279750		
38.0242534	127.0715588	1	
38.0248783	127.0718896	2	
38.0243707	127.0721773	3	
37.6320797	126.8108576	6	
37.6321230	126.8105704	7	
37.6323879	126.8104097	8	
37.5927403	126.7134425	1	
37.5925496	126.7139627	2	
37.5921794	126.7140866	3	
37.5917699	126.7136009	4	
37.5916996	126.7132180	5	
37.5919734	126.7127043	6	
37.5923250	126.7126622	7	
37.5927357	126.7130405	8	
37.6028357	126.6978959	1	
37.6032231	126.6985880	2	
37.6022695	126.6986520	3	
37.6025109	126.6979674	4	
37.6025081	126.6879075	1	
37.6026452	126.6889757	2	
37.6023472	126.6891675	3	
37.6021923	126.6879526	4	
37.4805064	126.8832721	3	
37.4798256	126.8811358	8	
37.3855450	126.6402481	5	
37.7157963	126.7282646	2	
37.7164780	126.7282829	1	
35.8194076	128.7271894	2	
35.8193968	128.7280508	1	
37.2994608	127.1032342	5	
35.9922380	128.3998653	1	
36.0985134	128.3570008	1	
36.1280728	128.3306198	2	
36.1288600	128.3309974	1	
35.8809438	128.5395430	1	
35.8820132	128.5396318	2	
35.8753376	128.5959692	1	
35.8764052	128.5959938	2	
37.8990761	126.7098384		
35.3461242	129.2933799	1	
35.4935254	129.3037659	1	
35.5076747	129.3212249	1	
35.5080536	129.3211744	2	
37.9951462	127.0741467	1	
37.9949632	127.0743694	2	
37.6191855	126.9208902		
37.4917405	127.0731678		
37.4912973	127.0731903		
37.4939991	127.0791770		
37.5953096	127.0632648		3
37.3942801	126.9640694		
37.5128412	126.9256162		
37.2506741	126.9795705	4	
37.2002484	127.0950520	3	
37.1996830	127.0950561	4	
35.1177123	129.0409712		
35.1170147	129.0405035		
35.1168488	129.0408326		
35.1175688	129.0412727		
35.1167893	129.0403542		
35.1166844	129.0407082		
35.1161001	129.0399419		
